camera,frame_num,pts_ns,t0_ns,t_ready_ns,latency_ms,warmup,object_count,masks_emitted
c7e22c1f,0,1883614979,692538602563800,692538602687179,0.123,True,0,0
c7e22c1f,1,1923273592,692538686326247,692538686380186,0.054,True,0,0
c7e22c1f,2,1962972702,692538859272284,692538859373123,0.101,True,0,0
c7e22c1f,3,2401862367,692539066326647,692539066391626,0.065,True,0,0
c7e22c1f,4,2561852120,692539311513629,692539332970459,21.457,True,1,1
c7e22c1f,5,2601851813,692539599697981,692539600256663,0.559,True,1,1
c7e22c1f,6,2641851686,692539937368372,692539937830417,0.462,True,1,1
e0606b55,0,3488585974,692540063597197,692540063627509,0.03,True,0,0
b1269e28,0,3791167638,692540151719375,692540151752253,0.033,True,0,0
d1f37ed1,0,3463751807,692540217095647,692540217144951,0.049,True,0,0
1ac2ffac,0,3799484084,692540259362095,692540259396559,0.034,True,0,0
c7e22c1f,7,3641850349,692540624162064,692540624717839,0.556,True,1,1
1ac2ffac,1,3999484084,692540661406407,692540661472284,0.066,True,0,0
b1269e28,1,4062982782,692540937125605,692540937188963,0.063,True,0,0
c7e22c1f,8,3921846079,692541301951513,692541302463760,0.512,True,1,1
d1f37ed1,1,3743748520,692541420998585,692541421061640,0.063,True,0,0
e0606b55,1,3768552737,692541540155245,692541540220567,0.065,True,0,0
06e9e5b9,0,3756623988,692541610435451,692541610476434,0.041,True,0,0
1ac2ffac,2,4039484083,692541647197186,692541647256420,0.059,True,0,0
b1269e28,2,4110730701,692542047417393,692542047494381,0.077,True,0,0
c7e22c1f,9,3961845489,692542420947469,692542421419119,0.472,True,1,1
d1f37ed1,2,3784748517,692542578563491,692542578620647,0.057,True,0,0
e0606b55,2,3808548140,692542737654579,692542737712654,0.058,True,0,0
06e9e5b9,1,3796623537,692543020405987,692543020467444,0.061,True,0,0
1ac2ffac,3,4079484083,692543060108872,692543060188831,0.08,True,0,0
b1269e28,3,4159046070,692543596335770,692543596402218,0.066,True,0,0
c7e22c1f,10,4001844903,692543958687436,692543959201001,0.514,True,1,1
d1f37ed1,3,3823748516,692544158770617,692544158815904,0.045,True,0,0
e0606b55,3,3848543579,692544356375396,692544356424973,0.05,True,0,0
06e9e5b9,2,3836623431,692544744743110,692544744794677,0.052,True,0,0
1ac2ffac,4,4119484083,692544780450201,692544780489457,0.039,True,0,0
b1269e28,4,4207894831,692545415418881,692545415869371,0.45,True,3,3
c7e22c1f,11,4361839838,692545778720107,692545779023665,0.304,True,1,1
d1f37ed1,4,3863748516,692546013625166,692546015338590,1.713,True,1,1
e0606b55,4,4208503593,692546249974572,692546250376905,0.402,True,1,1
06e9e5b9,3,4196623405,692546730540010,692546730600766,0.061,True,0,0
1ac2ffac,5,4159484083,692546766122530,692546766181934,0.059,True,0,0
b1269e28,5,4257115884,692547532297333,692547533022278,0.725,True,3,3
c7e22c1f,12,5241828893,692547880128129,692547880185955,0.058,True,0,0
d1f37ed1,5,4183748515,692548176678738,692548177368989,0.69,True,1,1
e0606b55,5,4248499308,692548467113486,692548467590110,0.477,True,1,1
06e9e5b9,4,4236623405,692549076301998,692549076909961,0.608,True,3,3
1ac2ffac,6,4199484083,692549112045668,692549112091006,0.045,True,0,0
b1269e28,6,4306637934,692549955432630,692549955871235,0.439,False,3,3
c7e22c1f,13,5281828440,692550306733012,692550306779663,0.047,False,0,0
d1f37ed1,6,5103782972,692550632348581,692550632824575,0.476,False,1,1
e0606b55,6,5088416032,692550951278584,692550951578449,0.3,False,1,1
06e9e5b9,5,5196623405,692551632313880,692551632928256,0.614,False,2,2
1ac2ffac,7,4239484083,692551669721082,692551669778307,0.057,False,0,0
b1269e28,7,4356350420,692552685403842,692552686127204,0.723,False,3,3
c7e22c1f,14,6121888538,692553051261680,692553051753285,0.492,False,1,1
d1f37ed1,7,6103963472,692553411488216,692553412097144,0.609,False,1,1
e0606b55,7,6288145573,692553775423476,692553775817400,0.394,False,1,1
06e9e5b9,6,6596684008,692554540577472,692554540938352,0.361,False,3,3
1ac2ffac,8,4279484083,692554576832861,692554576874010,0.041,False,0,0
b1269e28,8,4406195289,692555566329910,692555567033831,0.704,False,3,3
c7e22c1f,15,8042104377,692555917946709,692555918014551,0.068,False,0,0
d1f37ed1,8,7703932386,692556274941964,692556275518244,0.576,False,1,1
e0606b55,8,7887931780,692556631308667,692556631704504,0.396,False,1,1
06e9e5b9,7,8276788891,692557466677309,692557467148111,0.471,False,2,2
1ac2ffac,9,4319484083,692557503074671,692557503138615,0.064,False,0,0
b1269e28,9,4456114222,692558519219257,692558519953536,0.734,False,3,3
c7e22c1f,16,9482310357,692558878541136,692558879060812,0.52,False,1,1
d1f37ed1,9,9543955832,692559248754509,692559249482934,0.728,False,1,1
e0606b55,9,9807999998,692559622138673,692559622604379,0.466,False,1,1
06e9e5b9,8,10277025764,692560514298223,692560514749785,0.452,False,2,2
1ac2ffac,10,4359484083,692560554571985,692560554631697,0.06,False,0,0
b1269e28,10,4505936574,692561584168474,692561584896850,0.728,False,3,3
c7e22c1f,17,11562394339,692561939740285,692561939807762,0.067,False,0,0
d1f37ed1,10,11984005662,692562309432389,692562310118495,0.686,False,1,1
e0606b55,10,12008012572,692562684534398,692562684964454,0.43,False,1,1
06e9e5b9,9,12597033112,692563641067714,692563641396999,0.329,False,1,1
1ac2ffac,11,4399484083,692563684768793,692563684831942,0.063,False,0,0
b1269e28,11,4555858509,692564840846561,692564841650643,0.804,False,3,3
c7e22c1f,18,14002702070,692565252014009,692565252082653,0.069,False,0,0
d1f37ed1,11,14183651262,692565666528910,692565667222905,0.694,False,1,1
e0606b55,11,14648049503,692566089204694,692566089620872,0.416,False,1,1
06e9e5b9,10,15196855940,692567170323209,692567170662341,0.339,False,1,1
1ac2ffac,12,4439484083,692567208455687,692567208515372,0.06,False,0,0
b1269e28,12,4605828982,692568325393572,692568326259097,0.866,False,3,3
c7e22c1f,19,16763080515,692568713500307,692568713551119,0.051,False,0,0
d1f37ed1,12,16943648316,692569119986569,692569120443778,0.457,False,1,1
e0606b55,12,17328106979,692569530522209,692569530817542,0.295,False,1,1
06e9e5b9,11,18116738859,692570600719143,692570601093606,0.374,False,1,1
1ac2ffac,13,4479484983,692570643710096,692570643779032,0.069,False,0,0
b1269e28,13,4655818589,692571803371924,692571804189555,0.818,False,3,3
c7e22c1f,20,19603177651,692572190017488,692572190065049,0.048,False,0,0
d1f37ed1,13,19823546984,692572604124258,692572604790191,0.666,False,1,1
e0606b55,13,20167997145,692573011981112,692573012438258,0.457,False,1,1
06e9e5b9,12,21036829440,692574154053126,692574154641981,0.589,False,2,2
1ac2ffac,14,4519485876,692574195483141,692574195557891,0.075,False,0,0
b1269e28,14,4705815567,692575404668961,692575405157174,0.488,False,3,3
c7e22c1f,21,22563038239,692575752378135,692575752449006,0.071,False,0,0
d1f37ed1,14,22783742660,692576161665162,692576162204412,0.539,False,1,1
e0606b55,14,23167979856,692576566825283,692576567219234,0.394,False,1,1
06e9e5b9,13,24076825380,692577688439481,692577688760776,0.321,False,2,2
1ac2ffac,15,4559486762,692577727634660,692577727678230,0.044,False,0,0
c7e22c1f,22,25642895643,692578108844975,692578108897881,0.053,False,0,0
d1f37ed1,15,25863877445,692578519659961,692578520147964,0.488,False,1,1
e0606b55,15,26248125319,692578931634324,692578931998148,0.364,False,1,1
06e9e5b9,14,27237027538,692580038343167,692580038656989,0.314,False,1,1
1ac2ffac,16,4599487641,692580082504001,692580082578521,0.075,False,0,0
c7e22c1f,23,28963031712,692580474787226,692580474847170,0.06,False,0,0
d1f37ed1,16,29224233395,692580843796422,692580844226034,0.43,False,1,1
e0606b55,16,30688163043,692581251030033,692581251354942,0.325,False,1,1
06e9e5b9,15,30957268455,692582370876495,692582371229394,0.353,False,2,2
1ac2ffac,17,4639488513,692582414480641,692582414532981,0.052,False,0,0
c7e22c1f,24,32402773247,692582816595743,692582816658585,0.063,False,0,0
d1f37ed1,17,32784411991,692583218673729,692583219137926,0.464,False,1,1
e0606b55,17,33088112944,692583623890820,692583624235481,0.345,False,1,1
06e9e5b9,16,34157088679,692584680776704,692584681130137,0.353,False,2,2
1ac2ffac,18,4679489378,692584722167411,692584722216451,0.049,False,0,0
c7e22c1f,25,36282741106,692585070655279,692585070695886,0.041,False,0,0
d1f37ed1,18,36144820502,692585440219189,692585440654287,0.435,False,1,1
e0606b55,18,36648024052,692585798529002,692585798819188,0.29,False,1,1
06e9e5b9,17,37677014209,692586804689351,692586805027808,0.338,False,2,2
1ac2ffac,19,4719490236,692586836571544,692586836635835,0.064,False,0,0
c7e22c1f,26,39442580432,692586999079155,692586999150321,0.071,False,0,0
d1f37ed1,19,40104034890,692587164279397,692587164756315,0.477,False,1,1
e0606b55,19,40087990168,692587327553906,692587327846199,0.292,False,1,1
06e9e5b9,18,41236671743,692587793251396,692587793558555,0.307,False,2,2
1ac2ffac,20,4759491087,692587806739456,692587806773835,0.034,False,0,0
c7e22c1f,27,41842492813,692587969571495,692587970017071,0.446,False,1,1
d1f37ed1,20,42063725277,692588132584864,692588133034845,0.45,False,1,1
e0606b55,20,42648096079,692588293664907,692588293951290,0.286,False,1,1
06e9e5b9,19,43596677142,692588753302110,692588753707694,0.406,False,3,3
1ac2ffac,21,4799491931,692588766479093,692588766516427,0.037,False,0,0
c7e22c1f,28,44162634258,692588926293795,692588926339119,0.045,False,0,0
d1f37ed1,21,44383756329,692589088242196,692589088733080,0.491,False,1,1
e0606b55,21,44808277943,692589251284202,692589251607156,0.323,False,1,1
06e9e5b9,20,45916299900,692589734547357,692589735129051,0.582,False,3,3
1ac2ffac,22,4839492768,692589748461814,692589748531405,0.07,False,0,0
c7e22c1f,29,46522754246,692589920909720,692589920962698,0.053,False,0,0
d1f37ed1,22,46783618435,692590086104965,692590086648195,0.543,False,1,1
e0606b55,22,47168204061,692590248074452,692590248461753,0.387,False,1,1
06e9e5b9,21,48196477872,692590708060355,692590708393616,0.333,False,2,2
1ac2ffac,23,4879493599,692590720983844,692590721022399,0.039,False,0,0
c7e22c1f,30,48762633678,692590881037900,692590881089183,0.051,False,0,0
d1f37ed1,23,48983671062,692591042375430,692591042836951,0.462,False,1,1
e0606b55,23,49328224664,692591205315101,692591205608112,0.293,False,1,1
06e9e5b9,22,50356628446,692591670709154,692591671007312,0.298,False,2,2
1ac2ffac,24,4919494423,692591684222472,692591684267592,0.045,False,0,0
c7e22c1f,31,50682435167,692591857235990,692591857286999,0.051,False,0,0
d1f37ed1,24,50783894164,692592031197484,692592031675979,0.478,False,1,1
e0606b55,24,50848342365,692592199206314,692592199540913,0.335,False,1,1
06e9e5b9,23,51316718993,692592666697007,692592666978158,0.281,False,2,2
1ac2ffac,25,4959495240,692592680459942,692592680491867,0.032,False,0,0
c7e22c1f,32,51642444016,692592853329832,692592853378142,0.048,False,0,0
d1f37ed1,25,51663920983,692593015980472,692593016514868,0.534,False,1,1
e0606b55,25,51808454020,692593178007308,692593178312491,0.305,False,1,1
06e9e5b9,24,52276797553,692593660874331,692593662169922,1.296,False,2,2
1ac2ffac,26,4999535955,692593674419072,692593674491172,0.072,False,0,0
c7e22c1f,33,52602382610,692593836617322,692593836674116,0.057,False,0,0
d1f37ed1,26,52783965911,692594003629281,692594004181434,0.552,False,1,1
e0606b55,26,52768667572,692594184286044,692594184588531,0.302,False,1,1
06e9e5b9,25,53276758669,692594661175758,692594661582794,0.407,False,3,3
1ac2ffac,27,5039576344,692594674422731,692594674463294,0.041,False,0,0
c7e22c1f,34,53602424692,692594834699088,692594834748680,0.05,False,0,0
d1f37ed1,27,53624134660,692594996130373,692594996756601,0.626,False,1,1
e0606b55,27,53768644509,692595156866335,692595157307192,0.441,False,1,1
06e9e5b9,26,54236764088,692595617441900,692595618076562,0.635,False,3,3
1ac2ffac,28,5079589006,692595630442552,692595630476268,0.034,False,0,0
c7e22c1f,35,54562638375,692595789864811,692595789930673,0.066,False,0,0
d1f37ed1,28,54784315138,692595953760880,692595954337663,0.577,False,1,1
e0606b55,28,54728613287,692596117037822,692596117448740,0.411,False,1,1
06e9e5b9,27,55196964290,692596576867317,692596577359657,0.492,False,2,2
1ac2ffac,29,5119601567,692596589686787,692596589722057,0.035,False,0,0
c7e22c1f,36,55562811401,692596752774231,692596752822307,0.048,False,0,0
d1f37ed1,29,55584436537,692596914816912,692596915264420,0.448,False,1,1
e0606b55,29,55728577933,692597076968801,692597077264276,0.295,False,1,1
06e9e5b9,28,56197171401,692597536486491,692597536801010,0.315,False,2,2
1ac2ffac,30,5159614028,692597549679497,692597549726549,0.047,False,0,0
c7e22c1f,37,56562860399,692597710879917,692597710931041,0.051,False,0,0
d1f37ed1,30,56784660904,692597873577475,692597874073580,0.496,False,1,1
e0606b55,30,56728538747,692598035544502,692598035833493,0.289,False,1,1
06e9e5b9,29,57197216392,692598494741223,692598495152441,0.411,False,3,3
1ac2ffac,31,5199620187,692598507940647,692598507970585,0.03,False,0,0
c7e22c1f,38,57522901265,692598668307194,692598668352952,0.046,False,0,0
d1f37ed1,31,57544786262,692598830650189,692598831140460,0.49,False,1,1
e0606b55,31,57728502678,692598992592912,692598992892039,0.299,False,1,1
06e9e5b9,30,58197238831,692599476053194,692599476423875,0.371,False,3,3
1ac2ffac,32,5239626297,692599648463019,692599648512649,0.05,False,0,0
c7e22c1f,39,58522856516,692599648790451,692599648811941,0.021,False,0,0
d1f37ed1,32,58784906693,692599810585544,692599811046512,0.461,False,1,1
e0606b55,32,58688428114,692599972217885,692599972630034,0.412,False,1,1
06e9e5b9,31,59157216822,692600433703830,692600434167529,0.464,False,2,2
c7e22c1f,40,59482705927,692600597632573,692600597694645,0.062,False,0,0
d1f37ed1,33,59504964738,692600757554226,692600758015757,0.462,False,1,1
e0606b55,33,59648366623,692600920073413,692600920362247,0.289,False,1,1
06e9e5b9,32,60117210921,692601377029096,692601377368679,0.34,False,2,2
c7e22c1f,41,60442616940,692601538266946,692601538332048,0.065,False,0,0
d1f37ed1,34,60745055660,692601703011918,692601703633378,0.621,False,1,1
e0606b55,34,60648364214,692601876485598,692601876814055,0.328,False,1,1
06e9e5b9,33,61077225212,692602338902768,692602339244068,0.341,False,2,2
c7e22c1f,42,61402696097,692602502672735,692602502740743,0.068,False,0,0
d1f37ed1,35,61425115758,692602673168425,692602673619526,0.451,False,1,1
e0606b55,35,61568344674,692602845730709,692602846057943,0.327,False,1,1
06e9e5b9,34,62037085996,692603325443390,692603325919931,0.477,False,2,2
c7e22c1f,43,62362838792,692603497230593,692603497314256,0.084,False,0,0
d1f37ed1,36,62385006998,692603670600271,692603671086826,0.487,False,1,1
e0606b55,36,62648353108,692603856889706,692603857226631,0.337,False,1,1
06e9e5b9,35,62996952678,692604377961820,692604378271377,0.31,False,2,2
c7e22c1f,44,63322941704,692604560728977,692604560792258,0.063,False,0,0
d1f37ed1,37,63344865806,692604749099568,692604749658191,0.559,False,1,1
e0606b55,37,63528385567,692604943170078,692604943570306,0.4,False,1,1
06e9e5b9,36,63956828258,692605455013101,692605455522652,0.51,False,2,2
c7e22c1f,45,64282793084,692605666694446,692605666764601,0.07,False,0,0
d1f37ed1,38,64304734190,692605924849316,692605925496794,0.647,False,1,1
e0606b55,38,64648396176,692606182436746,692606182892284,0.456,False,1,1
06e9e5b9,37,64956719851,692606919099015,692606919553281,0.454,False,2,2
c7e22c1f,46,65242652642,692607196892664,692607196955451,0.063,False,0,0
d1f37ed1,39,65264619979,692607573062722,692607573839398,0.777,False,1,1
e0606b55,39,65408378201,692607948310116,692607948706007,0.396,False,1,1
06e9e5b9,38,65876654978,692608969446416,692608969915489,0.469,False,2,2
c7e22c1f,47,66202561264,692609316604960,692609316667800,0.063,False,0,0
d1f37ed1,40,66224562364,692609675534539,692609676167155,0.633,False,1,1
e0606b55,40,66848343746,692610032658371,692610033065356,0.407,False,1,1
06e9e5b9,39,66956769063,692611020943996,692611021386929,0.443,False,2,2
c7e22c1f,48,67202590356,692611365697268,692611365759942,0.063,False,0,0
d1f37ed1,41,67224529069,692611727358738,692611727808158,0.449,False,1,1
e0606b55,41,67408326057,692612087184323,692612087493277,0.309,False,1,1
06e9e5b9,40,67916863456,692613082237226,692613082785366,0.548,False,2,2
c7e22c1f,49,68282791890,692613425565970,692613425627542,0.062,False,0,0
d1f37ed1,42,68304495709,692613795862119,692613796378296,0.516,False,1,1
e0606b55,42,68648299515,692614164992318,692614165467544,0.475,False,1,1
06e9e5b9,41,68996911479,692615191145971,692615191628462,0.482,False,2,2
c7e22c1f,50,69362934755,692615553334815,692615553406356,0.072,False,0,0
d1f37ed1,43,69464427950,692615927845362,692615928275102,0.43,False,1,1
e0606b55,43,69728505027,692616303315569,692616303754116,0.439,False,1,1
06e9e5b9,42,70476984264,692617332213952,692617332687571,0.474,False,2,2
c7e22c1f,51,70882973782,692617691191959,692617691261995,0.07,False,0,0
d1f37ed1,44,71104180465,692618066627292,692618067269347,0.642,False,1,1
e0606b55,44,71488171800,692618438476946,692618438873674,0.397,False,1,1
06e9e5b9,43,72516988191,692619492909666,692619493395241,0.486,False,2,2
c7e22c1f,52,73002835777,692619855730216,692619855795312,0.065,False,0,0
d1f37ed1,45,73224262531,692620222908379,692620223544641,0.636,False,1,1
e0606b55,45,73568064777,692620589945997,692620590272141,0.326,False,1,1
06e9e5b9,44,74556998183,692621684941523,692621685425046,0.484,False,2,2
c7e22c1f,53,75082565028,692622088250588,692622088306150,0.056,False,0,0
d1f37ed1,46,75624267726,692622513273632,692622513773951,0.5,False,1,1
e0606b55,46,75608109179,692622928208732,692622928651004,0.442,False,1,1
06e9e5b9,45,76637061700,692624060862227,692624061195972,0.334,False,2,2
c7e22c1f,54,77122409784,692624454271859,692624454323993,0.052,False,0,0
d1f37ed1,47,77344152248,692624870752808,692624871260615,0.508,False,1,1
e0606b55,47,77688130410,692625284147180,692625284465886,0.319,False,1,1
06e9e5b9,46,78957302394,692626403963728,692626404281277,0.318,False,2,2
c7e22c1f,55,79242624645,692626756119740,692626756171670,0.052,False,0,0
d1f37ed1,48,79464029599,692627166094166,692627166677453,0.583,False,1,1
e0606b55,48,79848300426,692627573010080,692627573291730,0.282,False,1,1
06e9e5b9,47,80957572133,692628704285256,692628704639292,0.354,False,2,2
c7e22c1f,56,81402552295,692629103742142,692629103789060,0.047,False,0,0
d1f37ed1,49,81584264091,692629501828187,692629502333877,0.506,False,1,1
e0606b55,49,81968350662,692629907254142,692629907548692,0.295,False,1,1
06e9e5b9,48,83037636902,692631036311583,692631036639549,0.328,False,2,2
c7e22c1f,57,83562650421,692631438798947,692631438854603,0.056,False,0,0
d1f37ed1,50,83744690321,692631849101988,692631849728256,0.626,False,1,1
e0606b55,50,84128529761,692632267970261,692632268391445,0.421,False,1,1
06e9e5b9,49,85237927720,692633418895776,692633419561527,0.666,False,3,3
c7e22c1f,58,85842997562,692633832147360,692633832735265,0.588,False,1,1
d1f37ed1,51,86064828285,692634235935594,692634236440696,0.505,False,1,1
e0606b55,51,86649135192,692634632604877,692634632929557,0.325,False,1,1
06e9e5b9,50,87597849945,692635739687826,692635740375585,0.688,False,3,3
c7e22c1f,59,88163088094,692636148180816,692636148760350,0.58,False,1,1
d1f37ed1,52,88424332123,692636546993226,692636547697459,0.704,False,1,1
e0606b55,52,88808905151,692636954097458,692636954565156,0.468,False,1,1
06e9e5b9,51,89957210106,692638097651475,692638098296450,0.645,False,3,3
c7e22c1f,60,90442951307,692638492241490,692638492312197,0.071,False,0,0
d1f37ed1,53,90784150533,692638904852045,692638905503545,0.651,False,1,1
e0606b55,53,91128515990,692639315142321,692639315601630,0.459,False,1,1
06e9e5b9,52,92237060882,692640445781620,692640446303921,0.522,False,2,2
c7e22c1f,61,92802691562,692640843827383,692640843904399,0.077,False,0,0
d1f37ed1,54,93024034320,692641256363462,692641256973770,0.61,False,1,1
e0606b55,54,93448593872,692641670396624,692641670823043,0.426,False,1,1
06e9e5b9,53,94596864909,692642826913359,692642827621363,0.708,False,3,3
c7e22c1f,62,95122583706,692643225502718,692643225570079,0.067,False,0,0
d1f37ed1,55,95384229382,692643638097376,692643638733038,0.636,False,1,1
e0606b55,55,95808688331,692644058473902,692644058892441,0.419,False,1,1
06e9e5b9,54,96957003416,692645214611860,692645215306638,0.695,False,3,3
c7e22c1f,63,97522735176,692645625346595,692645625835092,0.488,False,1,1
d1f37ed1,56,97784151167,692646047713857,692646048445354,0.731,False,1,1
e0606b55,56,98168772935,692646459862966,692646460354798,0.492,False,1,1
06e9e5b9,55,99277171546,692647576509321,692647576840937,0.332,False,1,1
c7e22c1f,64,99842842848,692647974427512,692647974947407,0.52,False,1,1
d1f37ed1,57,100064316693,692648377957094,692648378480185,0.523,False,1,1
e0606b55,57,100648432873,692648790610730,692648791152421,0.542,False,1,1
