run,camera,previous_frame,frame,tracker_gap_ms,pts_gap_ms,previous_emit_ms,other_camera_tracker_frames,other_cameras
controlled,c7e22c1f,3,4,374.142072,399.9983,,0,{}
controlled,e0606b55,47,48,280.54132,39.998861,1.017493,27,"{""c7e22c1f"": 7, ""b1269e28"": 6, ""1ac2ffac"": 7, ""d1f37ed1"": 5, ""06e9e5b9"": 2}"
controlled,d1f37ed1,47,48,273.221361,40.0,2.78159,25,"{""c7e22c1f"": 7, ""b1269e28"": 7, ""1ac2ffac"": 8, ""e0606b55"": 2, ""06e9e5b9"": 1}"
controlled,06e9e5b9,42,43,294.883904,40.0,1.045155,28,"{""c7e22c1f"": 8, ""b1269e28"": 8, ""1ac2ffac"": 8, ""e0606b55"": 3, ""d1f37ed1"": 1}"
controlled,b1269e28,76,77,193.358507,49.999983,0.623948,21,"{""c7e22c1f"": 4, ""1ac2ffac"": 2, ""e0606b55"": 1, ""d1f37ed1"": 7, ""06e9e5b9"": 7}"
controlled,e0606b55,95,96,270.783441,39.999698,3.474176,34,"{""c7e22c1f"": 7, ""b1269e28"": 6, ""1ac2ffac"": 7, ""d1f37ed1"": 7, ""06e9e5b9"": 7}"
controlled,06e9e5b9,90,91,276.807263,40.00434,1.872018,24,"{""c7e22c1f"": 7, ""b1269e28"": 7, ""1ac2ffac"": 8, ""e0606b55"": 2, ""d1f37ed1"": 0}"
controlled,d1f37ed1,95,96,284.274619,39.994812,0.836102,27,"{""c7e22c1f"": 8, ""b1269e28"": 7, ""1ac2ffac"": 8, ""e0606b55"": 2, ""06e9e5b9"": 2}"
controlled,e0606b55,143,144,268.717535,39.999577,2.252686,33,"{""c7e22c1f"": 7, ""b1269e28"": 5, ""1ac2ffac"": 7, ""d1f37ed1"": 7, ""06e9e5b9"": 7}"
controlled,06e9e5b9,138,139,271.076809,40.003699,0.616088,23,"{""c7e22c1f"": 7, ""b1269e28"": 7, ""1ac2ffac"": 7, ""e0606b55"": 2, ""d1f37ed1"": 0}"
controlled,d1f37ed1,143,144,277.693139,40.002206,0.331297,25,"{""c7e22c1f"": 7, ""b1269e28"": 7, ""1ac2ffac"": 7, ""e0606b55"": 2, ""06e9e5b9"": 2}"
controlled,e0606b55,191,192,281.880796,40.003666,0.767335,30,"{""c7e22c1f"": 7, ""b1269e28"": 5, ""1ac2ffac"": 7, ""d1f37ed1"": 4, ""06e9e5b9"": 7}"
controlled,d1f37ed1,188,189,267.321573,39.994062,1.023968,22,"{""c7e22c1f"": 6, ""b1269e28"": 7, ""1ac2ffac"": 7, ""e0606b55"": 2, ""06e9e5b9"": 0}"
controlled,06e9e5b9,186,187,276.229524,39.995514,1.489954,25,"{""c7e22c1f"": 7, ""b1269e28"": 7, ""1ac2ffac"": 7, ""e0606b55"": 2, ""d1f37ed1"": 2}"
controlled,e0606b55,238,239,278.051583,39.999633,1.309618,30,"{""c7e22c1f"": 7, ""b1269e28"": 5, ""1ac2ffac"": 7, ""d1f37ed1"": 4, ""06e9e5b9"": 7}"
controlled,d1f37ed1,234,235,273.811174,39.991095,1.687796,26,"{""c7e22c1f"": 8, ""b1269e28"": 7, ""1ac2ffac"": 8, ""e0606b55"": 2, ""06e9e5b9"": 1}"
controlled,06e9e5b9,234,235,267.152877,39.998839,1.572918,26,"{""c7e22c1f"": 8, ""b1269e28"": 7, ""1ac2ffac"": 8, ""e0606b55"": 2, ""d1f37ed1"": 1}"
controlled,e0606b55,286,287,293.900541,40.000951,0.923464,34,"{""c7e22c1f"": 8, ""b1269e28"": 5, ""1ac2ffac"": 7, ""d1f37ed1"": 7, ""06e9e5b9"": 7}"
controlled,d1f37ed1,282,283,273.692133,40.009227,0.56225,25,"{""c7e22c1f"": 7, ""b1269e28"": 7, ""1ac2ffac"": 8, ""e0606b55"": 2, ""06e9e5b9"": 1}"
controlled,06e9e5b9,282,283,271.839378,40.008841,0.970323,25,"{""c7e22c1f"": 7, ""b1269e28"": 7, ""1ac2ffac"": 8, ""e0606b55"": 2, ""d1f37ed1"": 1}"
controlled,e0606b55,334,335,269.368335,39.999402,1.175338,33,"{""c7e22c1f"": 7, ""b1269e28"": 5, ""1ac2ffac"": 7, ""d1f37ed1"": 7, ""06e9e5b9"": 7}"
controlled,d1f37ed1,330,331,271.47946,39.995959,1.930626,23,"{""c7e22c1f"": 6, ""b1269e28"": 7, ""1ac2ffac"": 8, ""e0606b55"": 2, ""06e9e5b9"": 0}"
controlled,06e9e5b9,330,331,282.573425,40.003692,1.489475,27,"{""c7e22c1f"": 7, ""b1269e28"": 7, ""1ac2ffac"": 8, ""e0606b55"": 3, ""d1f37ed1"": 2}"
controlled,e0606b55,381,382,285.754646,40.002307,0.87504,30,"{""c7e22c1f"": 8, ""b1269e28"": 5, ""1ac2ffac"": 7, ""d1f37ed1"": 3, ""06e9e5b9"": 7}"
controlled,d1f37ed1,378,379,283.958588,39.99524,1.072023,27,"{""c7e22c1f"": 8, ""b1269e28"": 7, ""1ac2ffac"": 8, ""e0606b55"": 3, ""06e9e5b9"": 1}"
controlled,06e9e5b9,378,379,283.238556,39.984734,1.097814,27,"{""c7e22c1f"": 8, ""b1269e28"": 7, ""1ac2ffac"": 8, ""e0606b55"": 3, ""d1f37ed1"": 1}"
controlled,e0606b55,429,430,269.155963,39.998576,1.024451,32,"{""c7e22c1f"": 7, ""b1269e28"": 5, ""1ac2ffac"": 7, ""d1f37ed1"": 7, ""06e9e5b9"": 6}"
controlled,d1f37ed1,426,427,280.734393,39.988467,0.509565,23,"{""c7e22c1f"": 6, ""b1269e28"": 7, ""1ac2ffac"": 8, ""e0606b55"": 2, ""06e9e5b9"": 0}"
controlled,06e9e5b9,425,426,285.423507,39.989407,1.049134,26,"{""c7e22c1f"": 7, ""b1269e28"": 7, ""1ac2ffac"": 8, ""e0606b55"": 2, ""d1f37ed1"": 2}"
controlled,e0606b55,474,475,291.995601,39.999802,1.615302,34,"{""c7e22c1f"": 8, ""b1269e28"": 5, ""1ac2ffac"": 7, ""d1f37ed1"": 7, ""06e9e5b9"": 7}"
controlled,d1f37ed1,474,475,279.429295,40.000583,1.128497,26,"{""c7e22c1f"": 8, ""b1269e28"": 7, ""1ac2ffac"": 8, ""e0606b55"": 2, ""06e9e5b9"": 1}"
controlled,06e9e5b9,473,474,281.72946,40.001276,0.672608,26,"{""c7e22c1f"": 8, ""b1269e28"": 7, ""1ac2ffac"": 8, ""e0606b55"": 2, ""d1f37ed1"": 1}"
controlled,b1269e28,436,437,237.185567,50.0,1.006582,21,"{""c7e22c1f"": 4, ""1ac2ffac"": 2, ""e0606b55"": 1, ""d1f37ed1"": 7, ""06e9e5b9"": 7}"
controlled,e0606b55,521,522,266.721019,39.998404,0.81927,29,"{""c7e22c1f"": 7, ""b1269e28"": 5, ""1ac2ffac"": 7, ""d1f37ed1"": 6, ""06e9e5b9"": 4}"
controlled,d1f37ed1,522,523,265.223557,39.996802,1.822397,24,"{""c7e22c1f"": 7, ""b1269e28"": 7, ""1ac2ffac"": 8, ""e0606b55"": 2, ""06e9e5b9"": 0}"
controlled,06e9e5b9,521,522,270.427398,39.991524,0.794304,26,"{""c7e22c1f"": 7, ""b1269e28"": 7, ""1ac2ffac"": 8, ""e0606b55"": 2, ""d1f37ed1"": 2}"
controlled,e0606b55,569,570,274.319504,40.002895,1.068733,33,"{""c7e22c1f"": 7, ""b1269e28"": 5, ""1ac2ffac"": 7, ""d1f37ed1"": 7, ""06e9e5b9"": 7}"
controlled,06e9e5b9,569,570,254.501174,40.00236,0.9484,24,"{""c7e22c1f"": 7, ""b1269e28"": 7, ""1ac2ffac"": 8, ""e0606b55"": 2, ""d1f37ed1"": 0}"
controlled,d1f37ed1,570,571,263.150654,40.009428,0.590511,26,"{""c7e22c1f"": 7, ""b1269e28"": 7, ""1ac2ffac"": 8, ""e0606b55"": 2, ""06e9e5b9"": 2}"
controlled,e0606b55,617,618,274.035165,39.999197,0.875495,32,"{""c7e22c1f"": 7, ""b1269e28"": 5, ""1ac2ffac"": 7, ""d1f37ed1"": 6, ""06e9e5b9"": 7}"
controlled,d1f37ed1,617,618,284.220178,40.011025,1.081702,26,"{""c7e22c1f"": 8, ""b1269e28"": 7, ""1ac2ffac"": 8, ""e0606b55"": 2, ""06e9e5b9"": 1}"
controlled,06e9e5b9,617,618,273.024412,40.003364,0.82393,26,"{""c7e22c1f"": 7, ""b1269e28"": 7, ""1ac2ffac"": 8, ""e0606b55"": 3, ""d1f37ed1"": 1}"
controlled,e0606b55,665,666,294.658008,39.997382,1.129844,34,"{""c7e22c1f"": 7, ""b1269e28"": 6, ""1ac2ffac"": 7, ""d1f37ed1"": 7, ""06e9e5b9"": 7}"
controlled,d1f37ed1,665,666,263.941748,40.002863,1.969934,24,"{""c7e22c1f"": 7, ""b1269e28"": 7, ""1ac2ffac"": 8, ""e0606b55"": 2, ""06e9e5b9"": 0}"
controlled,06e9e5b9,665,666,270.64324,40.006775,0.608483,26,"{""c7e22c1f"": 7, ""b1269e28"": 7, ""1ac2ffac"": 8, ""e0606b55"": 2, ""d1f37ed1"": 2}"
controlled,e0606b55,713,714,286.517834,40.000345,1.515718,29,"{""c7e22c1f"": 7, ""b1269e28"": 5, ""1ac2ffac"": 7, ""d1f37ed1"": 7, ""06e9e5b9"": 3}"
controlled,d1f37ed1,713,714,266.775385,39.994738,1.389663,25,"{""c7e22c1f"": 7, ""b1269e28"": 7, ""1ac2ffac"": 8, ""e0606b55"": 3, ""06e9e5b9"": 0}"
controlled,06e9e5b9,712,713,279.743875,40.000578,2.268463,28,"{""c7e22c1f"": 8, ""b1269e28"": 7, ""1ac2ffac"": 8, ""e0606b55"": 3, ""d1f37ed1"": 2}"
controlled,e0606b55,761,762,280.589522,40.000333,0.908561,33,"{""c7e22c1f"": 7, ""b1269e28"": 5, ""1ac2ffac"": 7, ""d1f37ed1"": 7, ""06e9e5b9"": 7}"
controlled,d1f37ed1,761,762,269.049466,40.005966,1.277916,24,"{""c7e22c1f"": 7, ""b1269e28"": 7, ""1ac2ffac"": 8, ""e0606b55"": 2, ""06e9e5b9"": 0}"
controlled,06e9e5b9,760,761,276.769556,40.002219,0.989816,26,"{""c7e22c1f"": 7, ""b1269e28"": 7, ""1ac2ffac"": 8, ""e0606b55"": 2, ""d1f37ed1"": 2}"
controlled,e0606b55,809,810,263.952264,40.000277,0.817822,32,"{""c7e22c1f"": 7, ""b1269e28"": 5, ""1ac2ffac"": 7, ""d1f37ed1"": 6, ""06e9e5b9"": 7}"
controlled,d1f37ed1,809,810,278.545396,40.00901,1.22888,25,"{""c7e22c1f"": 7, ""b1269e28"": 7, ""1ac2ffac"": 8, ""e0606b55"": 2, ""06e9e5b9"": 1}"
controlled,06e9e5b9,808,809,280.21563,39.998816,0.960683,25,"{""c7e22c1f"": 7, ""b1269e28"": 7, ""1ac2ffac"": 8, ""e0606b55"": 2, ""d1f37ed1"": 1}"
controlled,e0606b55,857,858,271.311975,39.99962,1.741084,26,"{""c7e22c1f"": 7, ""b1269e28"": 5, ""1ac2ffac"": 7, ""d1f37ed1"": 6, ""06e9e5b9"": 1}"
controlled,d1f37ed1,857,858,276.41213,40.003559,0.6721,25,"{""c7e22c1f"": 7, ""b1269e28"": 7, ""1ac2ffac"": 8, ""e0606b55"": 3, ""06e9e5b9"": 0}"
controlled,06e9e5b9,853,854,279.673626,40.006576,0.724409,27,"{""c7e22c1f"": 7, ""b1269e28"": 7, ""1ac2ffac"": 8, ""e0606b55"": 3, ""d1f37ed1"": 2}"
controlled,e0606b55,904,905,285.867071,39.99329,2.108718,34,"{""c7e22c1f"": 8, ""b1269e28"": 5, ""1ac2ffac"": 7, ""d1f37ed1"": 7, ""06e9e5b9"": 7}"
controlled,d1f37ed1,905,906,278.182582,40.006001,1.472618,24,"{""c7e22c1f"": 7, ""b1269e28"": 7, ""1ac2ffac"": 8, ""e0606b55"": 2, ""06e9e5b9"": 0}"
controlled,06e9e5b9,901,902,284.251269,40.004957,0.867055,27,"{""c7e22c1f"": 7, ""b1269e28"": 7, ""1ac2ffac"": 8, ""e0606b55"": 3, ""d1f37ed1"": 2}"
controlled,e0606b55,952,953,269.226785,40.00379,0.874533,28,"{""c7e22c1f"": 7, ""b1269e28"": 5, ""1ac2ffac"": 7, ""d1f37ed1"": 6, ""06e9e5b9"": 3}"
controlled,06e9e5b9,949,950,273.309046,40.003686,2.310186,27,"{""c7e22c1f"": 8, ""b1269e28"": 7, ""1ac2ffac"": 8, ""e0606b55"": 3, ""d1f37ed1"": 1}"
controlled,d1f37ed1,953,954,264.607369,39.987895,0.641883,26,"{""c7e22c1f"": 7, ""b1269e28"": 7, ""1ac2ffac"": 8, ""e0606b55"": 3, ""06e9e5b9"": 1}"
controlled,e0606b55,1000,1001,286.169231,40.00431,2.655722,33,"{""c7e22c1f"": 8, ""b1269e28"": 5, ""1ac2ffac"": 7, ""d1f37ed1"": 6, ""06e9e5b9"": 7}"
controlled,06e9e5b9,997,998,254.525658,39.993077,1.047763,23,"{""c7e22c1f"": 6, ""b1269e28"": 7, ""1ac2ffac"": 8, ""e0606b55"": 2, ""d1f37ed1"": 0}"
controlled,d1f37ed1,1000,1001,265.046072,39.986002,1.257639,26,"{""c7e22c1f"": 7, ""b1269e28"": 7, ""1ac2ffac"": 8, ""e0606b55"": 2, ""06e9e5b9"": 2}"
controlled,e0606b55,1046,1047,279.585633,39.99424,0.823045,34,"{""c7e22c1f"": 8, ""b1269e28"": 5, ""1ac2ffac"": 7, ""d1f37ed1"": 7, ""06e9e5b9"": 7}"
controlled,d1f37ed1,1048,1049,271.916246,39.997345,2.673754,24,"{""c7e22c1f"": 7, ""b1269e28"": 7, ""1ac2ffac"": 7, ""e0606b55"": 2, ""06e9e5b9"": 1}"
controlled,06e9e5b9,1045,1046,272.434748,39.995028,0.927423,24,"{""c7e22c1f"": 7, ""b1269e28"": 7, ""1ac2ffac"": 7, ""e0606b55"": 2, ""d1f37ed1"": 1}"
controlled,e0606b55,1094,1095,270.012909,39.999576,0.734642,29,"{""c7e22c1f"": 6, ""b1269e28"": 5, ""1ac2ffac"": 7, ""d1f37ed1"": 5, ""06e9e5b9"": 6}"
controlled,06e9e5b9,1092,1093,284.031426,39.992129,1.127566,24,"{""c7e22c1f"": 7, ""b1269e28"": 7, ""1ac2ffac"": 7, ""e0606b55"": 2, ""d1f37ed1"": 1}"
controlled,d1f37ed1,1096,1097,262.567755,39.991917,0.936687,25,"{""c7e22c1f"": 6, ""b1269e28"": 7, ""1ac2ffac"": 8, ""e0606b55"": 3, ""06e9e5b9"": 1}"
controlled,e0606b55,1142,1143,280.225613,40.005106,1.070831,30,"{""c7e22c1f"": 6, ""b1269e28"": 5, ""1ac2ffac"": 7, ""d1f37ed1"": 5, ""06e9e5b9"": 7}"
controlled,d1f37ed1,1144,1145,284.571486,40.012659,2.923774,26,"{""c7e22c1f"": 7, ""b1269e28"": 7, ""1ac2ffac"": 8, ""e0606b55"": 3, ""06e9e5b9"": 1}"
controlled,06e9e5b9,1140,1141,269.300813,40.000455,2.354995,26,"{""c7e22c1f"": 7, ""b1269e28"": 7, ""1ac2ffac"": 8, ""e0606b55"": 3, ""d1f37ed1"": 1}"
controlled,e0606b55,1189,1190,276.981048,40.001955,1.424337,30,"{""c7e22c1f"": 7, ""b1269e28"": 5, ""1ac2ffac"": 7, ""d1f37ed1"": 5, ""06e9e5b9"": 6}"
controlled,06e9e5b9,1187,1188,278.591059,40.007353,1.187688,24,"{""c7e22c1f"": 6, ""b1269e28"": 7, ""1ac2ffac"": 8, ""e0606b55"": 2, ""d1f37ed1"": 1}"
controlled,d1f37ed1,1192,1193,294.365868,40.00467,1.739866,25,"{""c7e22c1f"": 7, ""b1269e28"": 7, ""1ac2ffac"": 8, ""e0606b55"": 2, ""06e9e5b9"": 1}"
controlled,e0606b55,1237,1238,284.212681,40.000351,1.086182,33,"{""c7e22c1f"": 8, ""b1269e28"": 5, ""1ac2ffac"": 7, ""d1f37ed1"": 7, ""06e9e5b9"": 6}"
controlled,d1f37ed1,1240,1241,271.805158,40.004009,3.11064,24,"{""c7e22c1f"": 6, ""b1269e28"": 7, ""1ac2ffac"": 8, ""e0606b55"": 2, ""06e9e5b9"": 1}"
controlled,06e9e5b9,1234,1235,278.030551,39.999236,0.839225,24,"{""c7e22c1f"": 6, ""b1269e28"": 7, ""1ac2ffac"": 8, ""e0606b55"": 2, ""d1f37ed1"": 1}"
controlled,e0606b55,1285,1286,284.860257,40.001808,1.074246,31,"{""c7e22c1f"": 8, ""b1269e28"": 5, ""1ac2ffac"": 7, ""d1f37ed1"": 6, ""06e9e5b9"": 5}"
controlled,d1f37ed1,1287,1288,271.390278,39.999975,0.839636,25,"{""c7e22c1f"": 7, ""b1269e28"": 7, ""1ac2ffac"": 8, ""e0606b55"": 2, ""06e9e5b9"": 1}"
controlled,06e9e5b9,1280,1281,279.561628,40.006828,0.779023,26,"{""c7e22c1f"": 8, ""b1269e28"": 7, ""1ac2ffac"": 8, ""e0606b55"": 2, ""d1f37ed1"": 1}"
controlled,e0606b55,1333,1334,293.797751,39.997768,0.891074,34,"{""c7e22c1f"": 8, ""b1269e28"": 5, ""1ac2ffac"": 7, ""d1f37ed1"": 7, ""06e9e5b9"": 7}"
controlled,06e9e5b9,1328,1329,274.543258,39.999627,2.416223,24,"{""c7e22c1f"": 7, ""b1269e28"": 7, ""1ac2ffac"": 8, ""e0606b55"": 2, ""d1f37ed1"": 0}"
controlled,d1f37ed1,1335,1336,278.552677,40.00096,1.0631,26,"{""c7e22c1f"": 7, ""b1269e28"": 7, ""1ac2ffac"": 8, ""e0606b55"": 2, ""06e9e5b9"": 2}"
controlled,e0606b55,1381,1382,264.670304,40.002529,0.582836,29,"{""c7e22c1f"": 7, ""b1269e28"": 5, ""1ac2ffac"": 7, ""d1f37ed1"": 6, ""06e9e5b9"": 4}"
controlled,d1f37ed1,1383,1384,272.274701,40.002287,0.815756,23,"{""c7e22c1f"": 6, ""b1269e28"": 7, ""1ac2ffac"": 8, ""e0606b55"": 2, ""06e9e5b9"": 0}"
controlled,06e9e5b9,1376,1377,282.552215,40.003176,0.743452,25,"{""c7e22c1f"": 6, ""b1269e28"": 7, ""1ac2ffac"": 8, ""e0606b55"": 2, ""d1f37ed1"": 2}"
controlled,e0606b55,1426,1427,277.087342,40.000163,0.946403,32,"{""c7e22c1f"": 7, ""b1269e28"": 5, ""1ac2ffac"": 7, ""d1f37ed1"": 7, ""06e9e5b9"": 6}"
controlled,06e9e5b9,1423,1424,291.680003,40.003715,2.165278,25,"{""c7e22c1f"": 7, ""b1269e28"": 7, ""1ac2ffac"": 8, ""e0606b55"": 2, ""d1f37ed1"": 1}"
controlled,d1f37ed1,1431,1432,290.01556,40.000538,1.928003,25,"{""c7e22c1f"": 7, ""b1269e28"": 7, ""1ac2ffac"": 8, ""e0606b55"": 2, ""06e9e5b9"": 1}"
controlled,e0606b55,1471,1472,280.261139,39.996695,2.786807,34,"{""c7e22c1f"": 8, ""b1269e28"": 5, ""1ac2ffac"": 7, ""d1f37ed1"": 7, ""06e9e5b9"": 7}"
controlled,d1f37ed1,1479,1480,294.772734,40.008987,1.160419,26,"{""c7e22c1f"": 7, ""b1269e28"": 8, ""1ac2ffac"": 8, ""e0606b55"": 2, ""06e9e5b9"": 1}"
controlled,06e9e5b9,1471,1472,292.673197,40.000675,1.276797,26,"{""c7e22c1f"": 7, ""b1269e28"": 8, ""1ac2ffac"": 8, ""e0606b55"": 2, ""d1f37ed1"": 1}"
controlled,e0606b55,1519,1520,284.649375,40.002285,0.707435,34,"{""c7e22c1f"": 8, ""b1269e28"": 5, ""1ac2ffac"": 7, ""d1f37ed1"": 7, ""06e9e5b9"": 7}"
controlled,06e9e5b9,1519,1520,289.776776,39.999957,1.212684,25,"{""c7e22c1f"": 8, ""b1269e28"": 7, ""1ac2ffac"": 7, ""e0606b55"": 2, ""d1f37ed1"": 1}"
controlled,d1f37ed1,1527,1528,292.341252,39.991424,1.105841,25,"{""c7e22c1f"": 8, ""b1269e28"": 7, ""1ac2ffac"": 7, ""e0606b55"": 2, ""06e9e5b9"": 1}"
controlled,e0606b55,1566,1567,264.547152,40.000171,0.798992,28,"{""c7e22c1f"": 7, ""b1269e28"": 5, ""1ac2ffac"": 7, ""d1f37ed1"": 6, ""06e9e5b9"": 3}"
controlled,d1f37ed1,1575,1576,273.843589,39.993044,1.028553,24,"{""c7e22c1f"": 7, ""b1269e28"": 7, ""1ac2ffac"": 8, ""e0606b55"": 2, ""06e9e5b9"": 0}"
controlled,06e9e5b9,1567,1568,290.932714,39.99083,1.742968,28,"{""c7e22c1f"": 8, ""b1269e28"": 7, ""1ac2ffac"": 8, ""e0606b55"": 3, ""d1f37ed1"": 2}"
controlled,e0606b55,1614,1615,265.159586,39.99974,0.744065,30,"{""c7e22c1f"": 8, ""b1269e28"": 5, ""1ac2ffac"": 7, ""d1f37ed1"": 3, ""06e9e5b9"": 7}"
controlled,06e9e5b9,1615,1616,273.918575,39.99046,2.588185,25,"{""c7e22c1f"": 7, ""b1269e28"": 7, ""1ac2ffac"": 8, ""e0606b55"": 2, ""d1f37ed1"": 1}"
controlled,d1f37ed1,1623,1624,267.207919,39.99187,0.746444,25,"{""c7e22c1f"": 7, ""b1269e28"": 7, ""1ac2ffac"": 8, ""e0606b55"": 2, ""06e9e5b9"": 1}"
controlled,e0606b55,1662,1663,270.664314,39.998201,0.959397,30,"{""c7e22c1f"": 8, ""b1269e28"": 5, ""1ac2ffac"": 7, ""d1f37ed1"": 3, ""06e9e5b9"": 7}"
controlled,d1f37ed1,1671,1672,274.295747,39.998756,0.883169,24,"{""c7e22c1f"": 7, ""b1269e28"": 7, ""1ac2ffac"": 8, ""e0606b55"": 2, ""06e9e5b9"": 0}"
controlled,06e9e5b9,1663,1664,284.769435,40.011264,1.526404,26,"{""c7e22c1f"": 7, ""b1269e28"": 7, ""1ac2ffac"": 8, ""e0606b55"": 2, ""d1f37ed1"": 2}"
controlled,e0606b55,1710,1711,276.990568,39.994524,1.062839,33,"{""c7e22c1f"": 7, ""b1269e28"": 5, ""1ac2ffac"": 7, ""d1f37ed1"": 7, ""06e9e5b9"": 7}"
controlled,06e9e5b9,1711,1712,289.422923,39.992881,2.131409,24,"{""c7e22c1f"": 7, ""b1269e28"": 7, ""1ac2ffac"": 8, ""e0606b55"": 2, ""d1f37ed1"": 0}"
controlled,d1f37ed1,1719,1720,297.386028,39.999007,2.156762,27,"{""c7e22c1f"": 8, ""b1269e28"": 7, ""1ac2ffac"": 8, ""e0606b55"": 2, ""06e9e5b9"": 2}"
controlled,e0606b55,1758,1759,275.330216,40.000884,1.210801,33,"{""c7e22c1f"": 7, ""b1269e28"": 5, ""1ac2ffac"": 7, ""d1f37ed1"": 7, ""06e9e5b9"": 7}"
controlled,06e9e5b9,1759,1760,277.161681,40.004968,2.136797,26,"{""c7e22c1f"": 8, ""b1269e28"": 7, ""1ac2ffac"": 8, ""e0606b55"": 3, ""d1f37ed1"": 0}"
controlled,d1f37ed1,1767,1768,282.698858,39.997402,1.185036,28,"{""c7e22c1f"": 8, ""b1269e28"": 7, ""1ac2ffac"": 8, ""e0606b55"": 3, ""06e9e5b9"": 2}"
controlled,e0606b55,1803,1804,279.629479,40.000836,0.871172,27,"{""c7e22c1f"": 6, ""b1269e28"": 5, ""1ac2ffac"": 7, ""d1f37ed1"": 3, ""06e9e5b9"": 6}"
controlled,d1f37ed1,1811,1812,286.901611,40.001371,1.773268,25,"{""c7e22c1f"": 7, ""b1269e28"": 7, ""1ac2ffac"": 8, ""e0606b55"": 3, ""06e9e5b9"": 0}"
controlled,06e9e5b9,1806,1807,289.919109,40.000286,1.094723,27,"{""c7e22c1f"": 7, ""b1269e28"": 7, ""1ac2ffac"": 8, ""e0606b55"": 3, ""d1f37ed1"": 2}"
controlled,e0606b55,1851,1852,277.165681,39.9961,0.811615,31,"{""c7e22c1f"": 8, ""b1269e28"": 5, ""1ac2ffac"": 7, ""d1f37ed1"": 4, ""06e9e5b9"": 7}"
controlled,06e9e5b9,1854,1855,276.117786,40.000431,0.798137,25,"{""c7e22c1f"": 8, ""b1269e28"": 7, ""1ac2ffac"": 7, ""e0606b55"": 2, ""d1f37ed1"": 1}"
controlled,d1f37ed1,1859,1860,274.953226,40.00684,1.210892,25,"{""c7e22c1f"": 8, ""b1269e28"": 7, ""1ac2ffac"": 7, ""e0606b55"": 2, ""06e9e5b9"": 1}"
controlled,e0606b55,1899,1900,260.460929,40.004134,1.039951,30,"{""c7e22c1f"": 8, ""b1269e28"": 5, ""1ac2ffac"": 7, ""d1f37ed1"": 3, ""06e9e5b9"": 7}"
controlled,d1f37ed1,1907,1908,268.187761,40.012284,0.615763,24,"{""c7e22c1f"": 7, ""b1269e28"": 7, ""1ac2ffac"": 8, ""e0606b55"": 2, ""06e9e5b9"": 0}"
controlled,06e9e5b9,1902,1903,274.386823,40.00397,2.289815,27,"{""c7e22c1f"": 8, ""b1269e28"": 7, ""1ac2ffac"": 8, ""e0606b55"": 2, ""d1f37ed1"": 2}"
controlled,e0606b55,1946,1947,285.391565,40.009006,1.414176,32,"{""c7e22c1f"": 7, ""b1269e28"": 5, ""1ac2ffac"": 7, ""d1f37ed1"": 7, ""06e9e5b9"": 6}"
controlled,06e9e5b9,1950,1951,283.232838,40.003652,1.66907,27,"{""c7e22c1f"": 8, ""b1269e28"": 7, ""1ac2ffac"": 8, ""e0606b55"": 3, ""d1f37ed1"": 1}"
controlled,d1f37ed1,1955,1956,283.278046,39.992848,1.723395,26,"{""c7e22c1f"": 7, ""b1269e28"": 7, ""1ac2ffac"": 8, ""e0606b55"": 3, ""06e9e5b9"": 1}"
controlled,e0606b55,1991,1992,274.398333,39.998982,1.175346,33,"{""c7e22c1f"": 7, ""b1269e28"": 5, ""1ac2ffac"": 7, ""d1f37ed1"": 7, ""06e9e5b9"": 7}"
controlled,06e9e5b9,1998,1999,270.841955,40.001222,1.224086,23,"{""c7e22c1f"": 6, ""b1269e28"": 7, ""1ac2ffac"": 8, ""e0606b55"": 2, ""d1f37ed1"": 0}"
controlled,d1f37ed1,2003,2004,287.580805,40.005405,0.970052,27,"{""c7e22c1f"": 8, ""b1269e28"": 7, ""1ac2ffac"": 8, ""e0606b55"": 2, ""06e9e5b9"": 2}"
controlled,e0606b55,2036,2037,295.42549,40.001517,2.252388,33,"{""c7e22c1f"": 7, ""b1269e28"": 5, ""1ac2ffac"": 7, ""d1f37ed1"": 7, ""06e9e5b9"": 7}"
controlled,d1f37ed1,2051,2052,271.757802,39.992864,2.221788,23,"{""c7e22c1f"": 6, ""b1269e28"": 7, ""1ac2ffac"": 8, ""e0606b55"": 2, ""06e9e5b9"": 0}"
controlled,06e9e5b9,2046,2047,299.395574,40.000398,0.828124,28,"{""c7e22c1f"": 8, ""b1269e28"": 7, ""1ac2ffac"": 8, ""e0606b55"": 3, ""d1f37ed1"": 2}"
controlled,b1269e28,1756,1757,199.547762,50.0,1.00316,22,"{""c7e22c1f"": 5, ""1ac2ffac"": 2, ""e0606b55"": 1, ""d1f37ed1"": 7, ""06e9e5b9"": 7}"
controlled,e0606b55,2083,2084,275.016558,40.002775,1.679917,33,"{""c7e22c1f"": 7, ""b1269e28"": 5, ""1ac2ffac"": 7, ""d1f37ed1"": 7, ""06e9e5b9"": 7}"
controlled,06e9e5b9,2094,2095,277.017019,40.001575,0.729231,24,"{""c7e22c1f"": 7, ""b1269e28"": 7, ""1ac2ffac"": 8, ""e0606b55"": 2, ""d1f37ed1"": 0}"
controlled,d1f37ed1,2099,2100,282.806658,40.003681,0.680553,26,"{""c7e22c1f"": 7, ""b1269e28"": 7, ""1ac2ffac"": 8, ""e0606b55"": 2, ""06e9e5b9"": 2}"
controlled,e0606b55,2131,2132,265.908743,40.000879,0.908991,31,"{""c7e22c1f"": 8, ""b1269e28"": 5, ""1ac2ffac"": 7, ""d1f37ed1"": 4, ""06e9e5b9"": 7}"
controlled,d1f37ed1,2147,2148,276.992671,39.996164,2.270061,25,"{""c7e22c1f"": 7, ""b1269e28"": 7, ""1ac2ffac"": 8, ""e0606b55"": 2, ""06e9e5b9"": 1}"
controlled,06e9e5b9,2142,2143,283.428603,39.998702,1.121374,26,"{""c7e22c1f"": 8, ""b1269e28"": 7, ""1ac2ffac"": 8, ""e0606b55"": 2, ""d1f37ed1"": 1}"
controlled,e0606b55,2177,2178,259.512179,39.996494,0.7727,28,"{""c7e22c1f"": 7, ""b1269e28"": 5, ""1ac2ffac"": 7, ""d1f37ed1"": 3, ""06e9e5b9"": 6}"
controlled,d1f37ed1,2195,2196,282.317254,39.99166,0.609716,25,"{""c7e22c1f"": 7, ""b1269e28"": 7, ""1ac2ffac"": 8, ""e0606b55"": 2, ""06e9e5b9"": 1}"
controlled,06e9e5b9,2190,2191,283.255443,39.987739,0.913381,25,"{""c7e22c1f"": 7, ""b1269e28"": 7, ""1ac2ffac"": 8, ""e0606b55"": 2, ""d1f37ed1"": 1}"
controlled,e0606b55,2225,2226,268.7657,39.995792,0.622985,33,"{""c7e22c1f"": 8, ""b1269e28"": 5, ""1ac2ffac"": 7, ""d1f37ed1"": 6, ""06e9e5b9"": 7}"
controlled,06e9e5b9,2238,2239,279.84726,40.001581,1.995508,27,"{""c7e22c1f"": 8, ""b1269e28"": 7, ""1ac2ffac"": 8, ""e0606b55"": 3, ""d1f37ed1"": 1}"
controlled,d1f37ed1,2243,2244,276.057889,40.00177,1.384618,26,"{""c7e22c1f"": 7, ""b1269e28"": 7, ""1ac2ffac"": 8, ""e0606b55"": 3, ""06e9e5b9"": 1}"
controlled,e0606b55,2273,2274,271.966394,39.999575,0.67421,32,"{""c7e22c1f"": 6, ""b1269e28"": 5, ""1ac2ffac"": 7, ""d1f37ed1"": 7, ""06e9e5b9"": 7}"
controlled,d1f37ed1,2291,2292,271.483944,39.995582,1.164656,23,"{""c7e22c1f"": 6, ""b1269e28"": 7, ""1ac2ffac"": 8, ""e0606b55"": 2, ""06e9e5b9"": 0}"
controlled,06e9e5b9,2286,2287,274.982771,40.007273,0.91784,25,"{""c7e22c1f"": 6, ""b1269e28"": 7, ""1ac2ffac"": 8, ""e0606b55"": 2, ""d1f37ed1"": 2}"
upload,e0606b55,3,4,393.332352,438.47064,,0,{}
upload,e0606b55,24,25,277.261521,40.0,0.757121,14,"{""c7e22c1f"": 7, ""b1269e28"": 3, ""1ac2ffac"": 4}"
upload,e0606b55,70,71,284.64476,40.005668,0.830545,34,"{""c7e22c1f"": 8, ""b1269e28"": 5, ""1ac2ffac"": 7, ""d1f37ed1"": 7, ""06e9e5b9"": 7}"
upload,06e9e5b9,47,48,280.300828,40.0,0.819448,25,"{""e0606b55"": 3, ""c7e22c1f"": 7, ""b1269e28"": 7, ""1ac2ffac"": 8, ""d1f37ed1"": 0}"
upload,d1f37ed1,47,48,283.094405,40.0,0.704532,27,"{""e0606b55"": 3, ""c7e22c1f"": 7, ""b1269e28"": 7, ""1ac2ffac"": 8, ""06e9e5b9"": 2}"
upload,e0606b55,115,116,291.620075,39.996723,0.944673,30,"{""c7e22c1f"": 7, ""b1269e28"": 5, ""1ac2ffac"": 7, ""d1f37ed1"": 6, ""06e9e5b9"": 5}"
upload,d1f37ed1,94,95,282.756288,39.993469,0.761308,25,"{""e0606b55"": 2, ""c7e22c1f"": 7, ""b1269e28"": 7, ""1ac2ffac"": 8, ""06e9e5b9"": 1}"
upload,06e9e5b9,92,93,278.612055,40.005615,1.339794,25,"{""e0606b55"": 3, ""c7e22c1f"": 7, ""b1269e28"": 6, ""1ac2ffac"": 8, ""d1f37ed1"": 1}"
upload,e0606b55,162,163,282.839747,39.993406,0.966775,31,"{""c7e22c1f"": 8, ""b1269e28"": 5, ""1ac2ffac"": 7, ""d1f37ed1"": 4, ""06e9e5b9"": 7}"
upload,06e9e5b9,140,141,282.648989,40.008342,0.872061,25,"{""e0606b55"": 2, ""c7e22c1f"": 7, ""b1269e28"": 7, ""1ac2ffac"": 8, ""d1f37ed1"": 1}"
upload,d1f37ed1,139,140,284.835741,39.999737,1.099502,25,"{""e0606b55"": 2, ""c7e22c1f"": 7, ""b1269e28"": 7, ""1ac2ffac"": 8, ""06e9e5b9"": 1}"
upload,e0606b55,210,211,284.968665,40.004057,1.165313,30,"{""c7e22c1f"": 7, ""b1269e28"": 5, ""1ac2ffac"": 7, ""d1f37ed1"": 6, ""06e9e5b9"": 5}"
upload,d1f37ed1,186,187,280.038126,39.990779,0.888775,25,"{""e0606b55"": 2, ""c7e22c1f"": 7, ""b1269e28"": 7, ""1ac2ffac"": 8, ""06e9e5b9"": 1}"
upload,06e9e5b9,186,187,280.296003,39.984494,0.820882,25,"{""e0606b55"": 2, ""c7e22c1f"": 7, ""b1269e28"": 7, ""1ac2ffac"": 8, ""d1f37ed1"": 1}"
upload,e0606b55,257,258,280.726613,39.993774,0.871899,22,"{""c7e22c1f"": 7, ""b1269e28"": 5, ""1ac2ffac"": 7, ""d1f37ed1"": 1, ""06e9e5b9"": 2}"
upload,06e9e5b9,229,230,282.255018,39.994086,0.735253,24,"{""e0606b55"": 2, ""c7e22c1f"": 6, ""b1269e28"": 7, ""1ac2ffac"": 8, ""d1f37ed1"": 1}"
upload,d1f37ed1,230,231,284.69306,39.992269,0.768938,26,"{""e0606b55"": 3, ""c7e22c1f"": 7, ""b1269e28"": 7, ""1ac2ffac"": 8, ""06e9e5b9"": 1}"
upload,e0606b55,305,306,295.013352,40.001532,0.537066,30,"{""c7e22c1f"": 7, ""b1269e28"": 5, ""1ac2ffac"": 7, ""d1f37ed1"": 4, ""06e9e5b9"": 7}"
upload,d1f37ed1,275,276,274.683218,39.996814,0.752256,26,"{""e0606b55"": 2, ""c7e22c1f"": 8, ""b1269e28"": 7, ""1ac2ffac"": 8, ""06e9e5b9"": 1}"
upload,06e9e5b9,277,278,273.871526,39.995982,0.858433,26,"{""e0606b55"": 2, ""c7e22c1f"": 8, ""b1269e28"": 7, ""1ac2ffac"": 8, ""d1f37ed1"": 1}"
upload,e0606b55,353,354,286.328059,39.998579,0.944531,28,"{""c7e22c1f"": 7, ""b1269e28"": 5, ""1ac2ffac"": 7, ""d1f37ed1"": 4, ""06e9e5b9"": 5}"
upload,06e9e5b9,323,324,276.854195,40.002119,0.927587,24,"{""e0606b55"": 2, ""c7e22c1f"": 7, ""b1269e28"": 7, ""1ac2ffac"": 8, ""d1f37ed1"": 0}"
upload,d1f37ed1,323,324,279.68481,39.993845,0.589359,26,"{""e0606b55"": 2, ""c7e22c1f"": 7, ""b1269e28"": 7, ""1ac2ffac"": 8, ""06e9e5b9"": 2}"
upload,e0606b55,401,402,265.050071,40.000491,0.933689,30,"{""c7e22c1f"": 6, ""b1269e28"": 5, ""1ac2ffac"": 7, ""d1f37ed1"": 5, ""06e9e5b9"": 7}"
upload,06e9e5b9,371,372,277.37316,40.00509,0.562572,23,"{""e0606b55"": 2, ""c7e22c1f"": 7, ""b1269e28"": 6, ""1ac2ffac"": 8, ""d1f37ed1"": 0}"
upload,d1f37ed1,371,372,280.677859,40.002986,0.624883,25,"{""e0606b55"": 2, ""c7e22c1f"": 7, ""b1269e28"": 6, ""1ac2ffac"": 8, ""06e9e5b9"": 2}"
upload,e0606b55,449,450,276.620724,39.999911,0.756389,28,"{""c7e22c1f"": 7, ""b1269e28"": 5, ""1ac2ffac"": 6, ""d1f37ed1"": 5, ""06e9e5b9"": 5}"
upload,d1f37ed1,417,418,277.940487,39.997163,0.523202,23,"{""e0606b55"": 2, ""c7e22c1f"": 7, ""b1269e28"": 7, ""1ac2ffac"": 7, ""06e9e5b9"": 0}"
upload,06e9e5b9,417,418,285.212723,40.012314,0.903019,27,"{""e0606b55"": 3, ""c7e22c1f"": 8, ""b1269e28"": 7, ""1ac2ffac"": 7, ""d1f37ed1"": 2}"
upload,e0606b55,495,496,286.137799,39.998664,1.118833,32,"{""c7e22c1f"": 8, ""b1269e28"": 5, ""1ac2ffac"": 7, ""d1f37ed1"": 7, ""06e9e5b9"": 5}"
upload,d1f37ed1,465,466,270.899276,40.002869,0.991722,24,"{""e0606b55"": 2, ""c7e22c1f"": 6, ""b1269e28"": 7, ""1ac2ffac"": 8, ""06e9e5b9"": 1}"
upload,06e9e5b9,463,464,261.520904,40.001866,0.948559,25,"{""e0606b55"": 3, ""c7e22c1f"": 7, ""b1269e28"": 6, ""1ac2ffac"": 8, ""d1f37ed1"": 1}"
upload,e0606b55,540,541,283.881746,39.999293,0.828871,32,"{""c7e22c1f"": 7, ""b1269e28"": 5, ""1ac2ffac"": 7, ""d1f37ed1"": 6, ""06e9e5b9"": 7}"
upload,06e9e5b9,511,512,283.70228,39.99681,0.747607,23,"{""e0606b55"": 2, ""c7e22c1f"": 6, ""b1269e28"": 7, ""1ac2ffac"": 8, ""d1f37ed1"": 0}"
upload,d1f37ed1,512,513,287.710264,40.011652,0.981509,26,"{""e0606b55"": 2, ""c7e22c1f"": 7, ""b1269e28"": 7, ""1ac2ffac"": 8, ""06e9e5b9"": 2}"
upload,e0606b55,588,589,290.717953,40.001658,0.712781,32,"{""c7e22c1f"": 8, ""b1269e28"": 5, ""1ac2ffac"": 7, ""d1f37ed1"": 5, ""06e9e5b9"": 7}"
upload,d1f37ed1,558,559,273.591779,39.999305,0.475094,25,"{""e0606b55"": 3, ""c7e22c1f"": 6, ""b1269e28"": 7, ""1ac2ffac"": 8, ""06e9e5b9"": 1}"
upload,06e9e5b9,559,560,276.354081,39.996793,1.115996,25,"{""e0606b55"": 3, ""c7e22c1f"": 6, ""b1269e28"": 7, ""1ac2ffac"": 8, ""d1f37ed1"": 1}"
upload,e0606b55,633,634,277.571695,39.994948,1.411539,32,"{""c7e22c1f"": 6, ""b1269e28"": 5, ""1ac2ffac"": 7, ""d1f37ed1"": 7, ""06e9e5b9"": 7}"
upload,d1f37ed1,606,607,270.479393,40.00626,0.827253,23,"{""e0606b55"": 2, ""c7e22c1f"": 6, ""b1269e28"": 7, ""1ac2ffac"": 8, ""06e9e5b9"": 0}"
upload,06e9e5b9,607,608,281.171302,40.003326,0.991803,27,"{""e0606b55"": 3, ""c7e22c1f"": 7, ""b1269e28"": 7, ""1ac2ffac"": 8, ""d1f37ed1"": 2}"
upload,e0606b55,681,682,274.339164,39.995932,0.646955,30,"{""c7e22c1f"": 7, ""b1269e28"": 5, ""1ac2ffac"": 7, ""d1f37ed1"": 4, ""06e9e5b9"": 7}"
upload,d1f37ed1,653,654,281.56112,40.004932,1.172578,25,"{""e0606b55"": 3, ""c7e22c1f"": 6, ""b1269e28"": 7, ""1ac2ffac"": 8, ""06e9e5b9"": 1}"
upload,06e9e5b9,655,656,281.257488,40.001312,1.036163,25,"{""e0606b55"": 3, ""c7e22c1f"": 6, ""b1269e28"": 7, ""1ac2ffac"": 8, ""d1f37ed1"": 1}"
upload,e0606b55,728,729,280.463983,40.004173,0.950163,27,"{""c7e22c1f"": 6, ""b1269e28"": 5, ""1ac2ffac"": 7, ""d1f37ed1"": 5, ""06e9e5b9"": 4}"
upload,d1f37ed1,699,700,280.897785,40.001906,1.790268,26,"{""e0606b55"": 3, ""c7e22c1f"": 7, ""b1269e28"": 7, ""1ac2ffac"": 8, ""06e9e5b9"": 1}"
upload,06e9e5b9,700,701,280.456901,40.002552,1.18185,26,"{""e0606b55"": 3, ""c7e22c1f"": 7, ""b1269e28"": 7, ""1ac2ffac"": 8, ""d1f37ed1"": 1}"
upload,e0606b55,776,777,280.862444,40.002491,1.0221,30,"{""c7e22c1f"": 6, ""b1269e28"": 5, ""1ac2ffac"": 7, ""d1f37ed1"": 5, ""06e9e5b9"": 7}"
upload,d1f37ed1,745,746,278.638623,39.990227,0.537432,24,"{""e0606b55"": 3, ""c7e22c1f"": 6, ""b1269e28"": 7, ""1ac2ffac"": 8, ""06e9e5b9"": 0}"
upload,06e9e5b9,748,749,283.414904,39.987026,0.694479,27,"{""e0606b55"": 3, ""c7e22c1f"": 7, ""b1269e28"": 7, ""1ac2ffac"": 8, ""d1f37ed1"": 2}"
upload,e0606b55,824,825,285.536371,40.003347,1.172707,34,"{""c7e22c1f"": 7, ""b1269e28"": 5, ""1ac2ffac"": 8, ""d1f37ed1"": 7, ""06e9e5b9"": 7}"
upload,d1f37ed1,793,794,276.939072,39.99044,0.879133,24,"{""e0606b55"": 2, ""c7e22c1f"": 7, ""b1269e28"": 7, ""1ac2ffac"": 7, ""06e9e5b9"": 1}"
upload,06e9e5b9,796,797,282.636106,39.990207,0.893332,27,"{""e0606b55"": 3, ""c7e22c1f"": 7, ""b1269e28"": 8, ""1ac2ffac"": 8, ""d1f37ed1"": 1}"
upload,e0606b55,871,872,284.497527,39.995898,1.63134,32,"{""c7e22c1f"": 8, ""b1269e28"": 5, ""1ac2ffac"": 8, ""d1f37ed1"": 7, ""06e9e5b9"": 4}"
upload,d1f37ed1,841,842,272.635832,39.99504,0.510013,23,"{""e0606b55"": 2, ""c7e22c1f"": 7, ""b1269e28"": 6, ""1ac2ffac"": 8, ""06e9e5b9"": 0}"
upload,06e9e5b9,841,842,277.369759,40.006204,0.939035,25,"{""e0606b55"": 2, ""c7e22c1f"": 7, ""b1269e28"": 6, ""1ac2ffac"": 8, ""d1f37ed1"": 2}"
upload,e0606b55,917,918,291.015771,40.00201,0.943427,31,"{""c7e22c1f"": 8, ""b1269e28"": 5, ""1ac2ffac"": 7, ""d1f37ed1"": 4, ""06e9e5b9"": 7}"
upload,06e9e5b9,889,890,272.280167,40.005157,0.691011,22,"{""e0606b55"": 2, ""c7e22c1f"": 7, ""b1269e28"": 6, ""1ac2ffac"": 7, ""d1f37ed1"": 0}"
upload,d1f37ed1,886,887,287.950834,39.995642,1.223272,27,"{""e0606b55"": 3, ""c7e22c1f"": 8, ""b1269e28"": 6, ""1ac2ffac"": 8, ""06e9e5b9"": 2}"
upload,e0606b55,965,966,281.821553,39.99511,1.244717,32,"{""c7e22c1f"": 7, ""b1269e28"": 5, ""1ac2ffac"": 7, ""d1f37ed1"": 7, ""06e9e5b9"": 6}"
upload,d1f37ed1,934,935,276.215405,40.014511,1.319919,25,"{""e0606b55"": 2, ""c7e22c1f"": 7, ""b1269e28"": 7, ""1ac2ffac"": 8, ""06e9e5b9"": 1}"
upload,06e9e5b9,936,937,272.801264,40.00192,0.820554,24,"{""e0606b55"": 2, ""c7e22c1f"": 6, ""b1269e28"": 7, ""1ac2ffac"": 8, ""d1f37ed1"": 1}"
upload,1ac2ffac,1015,1016,232.926739,34.574788,0.509522,4,"{""e0606b55"": 1, ""c7e22c1f"": 0, ""b1269e28"": 1, ""d1f37ed1"": 1, ""06e9e5b9"": 1}"
upload,06e9e5b9,947,948,215.799318,40.001757,0.787285,2,"{""e0606b55"": 0, ""c7e22c1f"": 0, ""b1269e28"": 1, ""1ac2ffac"": 1, ""d1f37ed1"": 0}"
upload,d1f37ed1,945,946,221.168135,40.013284,1.316196,5,"{""e0606b55"": 1, ""c7e22c1f"": 0, ""b1269e28"": 1, ""1ac2ffac"": 1, ""06e9e5b9"": 2}"
upload,e0606b55,978,979,219.763131,40.005299,1.464022,5,"{""c7e22c1f"": 0, ""b1269e28"": 1, ""1ac2ffac"": 1, ""d1f37ed1"": 1, ""06e9e5b9"": 2}"
upload,b1269e28,813,814,218.238603,40.993614,0.866809,6,"{""e0606b55"": 1, ""c7e22c1f"": 0, ""1ac2ffac"": 2, ""d1f37ed1"": 1, ""06e9e5b9"": 2}"
upload,c7e22c1f,1028,1029,240.675648,40.005647,0.53561,12,"{""e0606b55"": 2, ""b1269e28"": 2, ""1ac2ffac"": 3, ""d1f37ed1"": 2, ""06e9e5b9"": 3}"
upload,e0606b55,1012,1013,280.776087,40.011728,1.162877,33,"{""c7e22c1f"": 7, ""b1269e28"": 5, ""1ac2ffac"": 7, ""d1f37ed1"": 7, ""06e9e5b9"": 7}"
upload,d1f37ed1,982,983,268.4235,40.013921,0.847504,25,"{""e0606b55"": 3, ""c7e22c1f"": 6, ""b1269e28"": 7, ""1ac2ffac"": 8, ""06e9e5b9"": 1}"
upload,06e9e5b9,984,985,271.35843,40.002454,1.123146,26,"{""e0606b55"": 3, ""c7e22c1f"": 7, ""b1269e28"": 7, ""1ac2ffac"": 8, ""d1f37ed1"": 1}"
upload,e0606b55,1058,1059,277.17234,40.001481,1.646307,33,"{""c7e22c1f"": 7, ""b1269e28"": 5, ""1ac2ffac"": 7, ""d1f37ed1"": 7, ""06e9e5b9"": 7}"
upload,d1f37ed1,1030,1031,282.41855,39.995842,0.955914,25,"{""e0606b55"": 3, ""c7e22c1f"": 7, ""b1269e28"": 6, ""1ac2ffac"": 8, ""06e9e5b9"": 1}"
upload,06e9e5b9,1032,1033,278.203926,39.999274,2.429816,25,"{""e0606b55"": 3, ""c7e22c1f"": 7, ""b1269e28"": 6, ""1ac2ffac"": 8, ""d1f37ed1"": 1}"
upload,e0606b55,1105,1106,275.301298,40.001333,1.004657,30,"{""c7e22c1f"": 7, ""b1269e28"": 5, ""1ac2ffac"": 7, ""d1f37ed1"": 4, ""06e9e5b9"": 7}"
upload,d1f37ed1,1078,1079,272.54136,39.998427,1.157467,23,"{""e0606b55"": 2, ""c7e22c1f"": 6, ""b1269e28"": 7, ""1ac2ffac"": 7, ""06e9e5b9"": 1}"
upload,06e9e5b9,1080,1081,277.850567,40.005386,0.998229,26,"{""e0606b55"": 3, ""c7e22c1f"": 7, ""b1269e28"": 7, ""1ac2ffac"": 8, ""d1f37ed1"": 1}"
upload,e0606b55,1153,1154,273.184451,40.001435,1.063184,33,"{""c7e22c1f"": 7, ""b1269e28"": 5, ""1ac2ffac"": 7, ""d1f37ed1"": 7, ""06e9e5b9"": 7}"
upload,06e9e5b9,1128,1129,281.191425,40.00358,0.928092,27,"{""e0606b55"": 3, ""c7e22c1f"": 8, ""b1269e28"": 7, ""1ac2ffac"": 8, ""d1f37ed1"": 1}"
upload,d1f37ed1,1126,1127,290.306934,40.010596,0.729277,27,"{""e0606b55"": 3, ""c7e22c1f"": 8, ""b1269e28"": 7, ""1ac2ffac"": 8, ""06e9e5b9"": 1}"
upload,e0606b55,1198,1199,284.110274,39.998967,0.770383,33,"{""c7e22c1f"": 8, ""b1269e28"": 5, ""1ac2ffac"": 7, ""d1f37ed1"": 6, ""06e9e5b9"": 7}"
upload,06e9e5b9,1176,1177,279.132724,39.995801,0.987716,23,"{""e0606b55"": 2, ""c7e22c1f"": 6, ""b1269e28"": 7, ""1ac2ffac"": 8, ""d1f37ed1"": 0}"
upload,d1f37ed1,1173,1174,283.005211,39.993836,0.668408,25,"{""e0606b55"": 2, ""c7e22c1f"": 6, ""b1269e28"": 7, ""1ac2ffac"": 8, ""06e9e5b9"": 2}"
upload,e0606b55,1246,1247,273.085682,40.001572,,26,"{""c7e22c1f"": 7, ""b1269e28"": 5, ""1ac2ffac"": 7, ""d1f37ed1"": 1, ""06e9e5b9"": 6}"
upload,d1f37ed1,1220,1221,276.397505,40.009276,,24,"{""e0606b55"": 2, ""c7e22c1f"": 6, ""b1269e28"": 7, ""1ac2ffac"": 8, ""06e9e5b9"": 1}"
upload,06e9e5b9,1224,1225,286.646156,40.01113,,25,"{""e0606b55"": 2, ""c7e22c1f"": 7, ""b1269e28"": 7, ""1ac2ffac"": 8, ""d1f37ed1"": 1}"
upload,e0606b55,1294,1295,270.17699,39.999034,0.961571,26,"{""c7e22c1f"": 6, ""b1269e28"": 5, ""1ac2ffac"": 7, ""d1f37ed1"": 1, ""06e9e5b9"": 7}"
upload,d1f37ed1,1265,1266,284.469335,40.010744,1.072605,25,"{""e0606b55"": 3, ""c7e22c1f"": 7, ""b1269e28"": 7, ""1ac2ffac"": 8, ""06e9e5b9"": 0}"
upload,06e9e5b9,1272,1273,289.003442,39.999678,0.972032,27,"{""e0606b55"": 3, ""c7e22c1f"": 7, ""b1269e28"": 7, ""1ac2ffac"": 8, ""d1f37ed1"": 2}"
upload,e0606b55,1342,1343,268.406443,40.002542,0.711256,30,"{""c7e22c1f"": 7, ""b1269e28"": 5, ""1ac2ffac"": 7, ""d1f37ed1"": 4, ""06e9e5b9"": 7}"
upload,06e9e5b9,1320,1321,271.509713,40.00054,1.131052,23,"{""e0606b55"": 2, ""c7e22c1f"": 6, ""b1269e28"": 7, ""1ac2ffac"": 8, ""d1f37ed1"": 0}"
upload,d1f37ed1,1313,1314,280.216022,39.996319,0.9762,26,"{""e0606b55"": 2, ""c7e22c1f"": 7, ""b1269e28"": 7, ""1ac2ffac"": 8, ""06e9e5b9"": 2}"
upload,e0606b55,1390,1391,276.343351,40.00105,0.903716,33,"{""c7e22c1f"": 7, ""b1269e28"": 5, ""1ac2ffac"": 7, ""d1f37ed1"": 7, ""06e9e5b9"": 7}"
upload,06e9e5b9,1368,1369,280.202774,39.985234,1.242271,26,"{""e0606b55"": 2, ""c7e22c1f"": 8, ""b1269e28"": 7, ""1ac2ffac"": 8, ""d1f37ed1"": 1}"
upload,d1f37ed1,1361,1362,280.321505,39.990606,1.03007,26,"{""e0606b55"": 2, ""c7e22c1f"": 8, ""b1269e28"": 7, ""1ac2ffac"": 8, ""06e9e5b9"": 1}"
upload,e0606b55,1438,1439,280.054394,39.999256,1.13888,34,"{""c7e22c1f"": 8, ""b1269e28"": 5, ""1ac2ffac"": 7, ""d1f37ed1"": 7, ""06e9e5b9"": 7}"
upload,d1f37ed1,1409,1410,288.409219,39.988974,1.028221,26,"{""e0606b55"": 2, ""c7e22c1f"": 8, ""b1269e28"": 7, ""1ac2ffac"": 8, ""06e9e5b9"": 1}"
upload,06e9e5b9,1416,1417,288.645316,39.993767,0.851627,26,"{""e0606b55"": 2, ""c7e22c1f"": 8, ""b1269e28"": 7, ""1ac2ffac"": 8, ""d1f37ed1"": 1}"
upload,e0606b55,1486,1487,283.931352,40.002874,0.8856,30,"{""c7e22c1f"": 7, ""b1269e28"": 5, ""1ac2ffac"": 7, ""d1f37ed1"": 4, ""06e9e5b9"": 7}"
upload,d1f37ed1,1457,1458,279.885229,39.995682,0.829284,26,"{""e0606b55"": 2, ""c7e22c1f"": 8, ""b1269e28"": 7, ""1ac2ffac"": 8, ""06e9e5b9"": 1}"
upload,06e9e5b9,1464,1465,291.005511,39.999774,1.000103,27,"{""e0606b55"": 3, ""c7e22c1f"": 8, ""b1269e28"": 7, ""1ac2ffac"": 8, ""d1f37ed1"": 1}"
upload,e0606b55,1534,1535,276.747963,40.002445,0.713304,33,"{""c7e22c1f"": 7, ""b1269e28"": 5, ""1ac2ffac"": 7, ""d1f37ed1"": 7, ""06e9e5b9"": 7}"
upload,06e9e5b9,1512,1513,258.870908,40.005648,0.605818,23,"{""e0606b55"": 2, ""c7e22c1f"": 6, ""b1269e28"": 7, ""1ac2ffac"": 8, ""d1f37ed1"": 0}"
upload,d1f37ed1,1505,1506,267.636932,40.001471,0.897849,27,"{""e0606b55"": 2, ""c7e22c1f"": 8, ""b1269e28"": 7, ""1ac2ffac"": 8, ""06e9e5b9"": 2}"
upload,e0606b55,1581,1582,273.37662,40.000289,1.34661,34,"{""c7e22c1f"": 8, ""b1269e28"": 5, ""1ac2ffac"": 7, ""d1f37ed1"": 7, ""06e9e5b9"": 7}"
upload,d1f37ed1,1553,1554,272.004664,39.996097,0.89541,24,"{""e0606b55"": 2, ""c7e22c1f"": 6, ""b1269e28"": 7, ""1ac2ffac"": 8, ""06e9e5b9"": 1}"
upload,06e9e5b9,1560,1561,272.963256,39.992615,0.993672,25,"{""e0606b55"": 2, ""c7e22c1f"": 7, ""b1269e28"": 7, ""1ac2ffac"": 8, ""d1f37ed1"": 1}"
upload,e0606b55,1629,1630,269.915086,39.999413,1.027288,30,"{""c7e22c1f"": 6, ""b1269e28"": 5, ""1ac2ffac"": 7, ""d1f37ed1"": 7, ""06e9e5b9"": 5}"
upload,06e9e5b9,1606,1607,270.287396,40.004978,2.02026,23,"{""e0606b55"": 2, ""c7e22c1f"": 6, ""b1269e28"": 7, ""1ac2ffac"": 8, ""d1f37ed1"": 0}"
upload,d1f37ed1,1601,1602,279.614981,39.99643,0.70172,26,"{""e0606b55"": 2, ""c7e22c1f"": 7, ""b1269e28"": 7, ""1ac2ffac"": 8, ""06e9e5b9"": 2}"
upload,e0606b55,1677,1678,285.556493,39.997773,1.19886,27,"{""c7e22c1f"": 7, ""b1269e28"": 5, ""1ac2ffac"": 7, ""d1f37ed1"": 5, ""06e9e5b9"": 3}"
upload,06e9e5b9,1650,1651,279.761857,40.000246,0.949467,25,"{""e0606b55"": 2, ""c7e22c1f"": 7, ""b1269e28"": 7, ""1ac2ffac"": 8, ""d1f37ed1"": 1}"
upload,d1f37ed1,1647,1648,285.662192,40.003398,0.950843,26,"{""e0606b55"": 3, ""c7e22c1f"": 7, ""b1269e28"": 7, ""1ac2ffac"": 8, ""06e9e5b9"": 1}"
upload,e0606b55,1725,1726,279.613202,40.000156,1.088246,33,"{""c7e22c1f"": 8, ""b1269e28"": 5, ""1ac2ffac"": 7, ""d1f37ed1"": 7, ""06e9e5b9"": 6}"
upload,d1f37ed1,1695,1696,265.207301,40.009976,0.548412,24,"{""e0606b55"": 2, ""c7e22c1f"": 7, ""b1269e28"": 7, ""1ac2ffac"": 8, ""06e9e5b9"": 0}"
upload,06e9e5b9,1697,1698,281.524824,39.998816,1.002782,27,"{""e0606b55"": 3, ""c7e22c1f"": 7, ""b1269e28"": 7, ""1ac2ffac"": 8, ""d1f37ed1"": 2}"
upload,e0606b55,1773,1774,280.098477,40.000646,0.93785,33,"{""c7e22c1f"": 7, ""b1269e28"": 5, ""1ac2ffac"": 7, ""d1f37ed1"": 7, ""06e9e5b9"": 7}"
upload,d1f37ed1,1743,1744,278.260036,39.996003,0.520087,24,"{""e0606b55"": 2, ""c7e22c1f"": 7, ""b1269e28"": 7, ""1ac2ffac"": 8, ""06e9e5b9"": 0}"
upload,06e9e5b9,1745,1746,284.795157,39.999942,0.823501,26,"{""e0606b55"": 2, ""c7e22c1f"": 7, ""b1269e28"": 7, ""1ac2ffac"": 8, ""d1f37ed1"": 2}"
upload,e0606b55,1821,1822,282.255701,40.003238,3.595806,32,"{""c7e22c1f"": 7, ""b1269e28"": 5, ""1ac2ffac"": 7, ""d1f37ed1"": 6, ""06e9e5b9"": 7}"
upload,06e9e5b9,1793,1794,279.281709,40.001547,1.018838,24,"{""e0606b55"": 3, ""c7e22c1f"": 7, ""b1269e28"": 6, ""1ac2ffac"": 8, ""d1f37ed1"": 0}"
upload,d1f37ed1,1790,1791,282.674757,40.004332,0.711713,26,"{""e0606b55"": 3, ""c7e22c1f"": 7, ""b1269e28"": 6, ""1ac2ffac"": 8, ""06e9e5b9"": 2}"
upload,e0606b55,1868,1869,290.641393,40.000156,0.809965,33,"{""c7e22c1f"": 8, ""b1269e28"": 5, ""1ac2ffac"": 7, ""d1f37ed1"": 6, ""06e9e5b9"": 7}"
upload,d1f37ed1,1837,1838,282.998358,40.010007,0.834268,25,"{""e0606b55"": 2, ""c7e22c1f"": 7, ""b1269e28"": 7, ""1ac2ffac"": 8, ""06e9e5b9"": 1}"
upload,06e9e5b9,1841,1842,285.623875,40.002756,1.670164,25,"{""e0606b55"": 2, ""c7e22c1f"": 7, ""b1269e28"": 7, ""1ac2ffac"": 8, ""d1f37ed1"": 1}"
upload,e0606b55,1914,1915,266.661116,39.996789,0.649781,33,"{""c7e22c1f"": 7, ""b1269e28"": 5, ""1ac2ffac"": 7, ""d1f37ed1"": 7, ""06e9e5b9"": 7}"
upload,06e9e5b9,1889,1890,279.339573,40.000378,0.827861,25,"{""e0606b55"": 2, ""c7e22c1f"": 8, ""b1269e28"": 7, ""1ac2ffac"": 7, ""d1f37ed1"": 1}"
upload,d1f37ed1,1885,1886,283.545112,39.993273,0.721758,25,"{""e0606b55"": 3, ""c7e22c1f"": 7, ""b1269e28"": 6, ""1ac2ffac"": 8, ""06e9e5b9"": 1}"
upload,e0606b55,1962,1963,281.005977,39.998264,1.953842,27,"{""c7e22c1f"": 6, ""b1269e28"": 4, ""1ac2ffac"": 6, ""d1f37ed1"": 7, ""06e9e5b9"": 4}"
upload,d1f37ed1,1933,1934,268.804384,39.988308,0.575466,26,"{""e0606b55"": 3, ""c7e22c1f"": 8, ""b1269e28"": 7, ""1ac2ffac"": 8, ""06e9e5b9"": 0}"
upload,06e9e5b9,1934,1935,272.634787,39.987513,0.814917,28,"{""e0606b55"": 3, ""c7e22c1f"": 8, ""b1269e28"": 7, ""1ac2ffac"": 8, ""d1f37ed1"": 2}"
upload,e0606b55,2010,2011,273.214392,40.00089,0.837269,27,"{""c7e22c1f"": 7, ""b1269e28"": 5, ""1ac2ffac"": 7, ""d1f37ed1"": 1, ""06e9e5b9"": 7}"
upload,d1f37ed1,1980,1981,273.696656,39.997207,1.10163,24,"{""e0606b55"": 2, ""c7e22c1f"": 7, ""b1269e28"": 7, ""1ac2ffac"": 7, ""06e9e5b9"": 1}"
upload,06e9e5b9,1982,1983,287.344096,39.990491,0.893386,27,"{""e0606b55"": 3, ""c7e22c1f"": 8, ""b1269e28"": 7, ""1ac2ffac"": 8, ""d1f37ed1"": 1}"
upload,e0606b55,2057,2058,287.438407,39.999011,1.066592,30,"{""c7e22c1f"": 7, ""b1269e28"": 5, ""1ac2ffac"": 7, ""d1f37ed1"": 4, ""06e9e5b9"": 7}"
upload,d1f37ed1,2025,2026,274.015796,39.995425,0.628405,22,"{""e0606b55"": 2, ""c7e22c1f"": 6, ""b1269e28"": 6, ""1ac2ffac"": 7, ""06e9e5b9"": 1}"
upload,06e9e5b9,2030,2031,294.122518,39.994437,0.850891,25,"{""e0606b55"": 3, ""c7e22c1f"": 7, ""b1269e28"": 6, ""1ac2ffac"": 8, ""d1f37ed1"": 1}"
upload,e0606b55,2104,2105,270.662889,40.001307,1.314433,27,"{""c7e22c1f"": 7, ""b1269e28"": 5, ""1ac2ffac"": 7, ""d1f37ed1"": 1, ""06e9e5b9"": 7}"
upload,d1f37ed1,2071,2072,287.374993,39.99562,0.980521,27,"{""e0606b55"": 3, ""c7e22c1f"": 8, ""b1269e28"": 7, ""1ac2ffac"": 8, ""06e9e5b9"": 1}"
upload,06e9e5b9,2078,2079,287.104043,40.004882,1.07493,27,"{""e0606b55"": 3, ""c7e22c1f"": 8, ""b1269e28"": 7, ""1ac2ffac"": 8, ""d1f37ed1"": 1}"
upload,e0606b55,2152,2153,283.567539,39.998281,0.814429,32,"{""c7e22c1f"": 7, ""b1269e28"": 5, ""1ac2ffac"": 7, ""d1f37ed1"": 6, ""06e9e5b9"": 7}"
upload,d1f37ed1,2118,2119,277.020768,39.998061,1.060603,27,"{""e0606b55"": 3, ""c7e22c1f"": 8, ""b1269e28"": 7, ""1ac2ffac"": 8, ""06e9e5b9"": 1}"
upload,06e9e5b9,2126,2127,274.538578,40.004887,0.996529,26,"{""e0606b55"": 3, ""c7e22c1f"": 7, ""b1269e28"": 7, ""1ac2ffac"": 8, ""d1f37ed1"": 1}"
upload,e0606b55,2200,2201,287.927296,40.000985,1.079671,33,"{""c7e22c1f"": 7, ""b1269e28"": 5, ""1ac2ffac"": 7, ""d1f37ed1"": 7, ""06e9e5b9"": 7}"
upload,d1f37ed1,2166,2167,275.544759,40.012146,1.218735,25,"{""e0606b55"": 2, ""c7e22c1f"": 7, ""b1269e28"": 7, ""1ac2ffac"": 8, ""06e9e5b9"": 1}"
upload,06e9e5b9,2174,2175,266.710036,39.994645,1.606666,25,"{""e0606b55"": 2, ""c7e22c1f"": 7, ""b1269e28"": 7, ""1ac2ffac"": 8, ""d1f37ed1"": 1}"
upload,e0606b55,2248,2249,282.651219,40.000642,1.214561,30,"{""c7e22c1f"": 7, ""b1269e28"": 5, ""1ac2ffac"": 7, ""d1f37ed1"": 5, ""06e9e5b9"": 6}"
upload,06e9e5b9,2221,2222,260.389062,40.011518,0.774992,23,"{""e0606b55"": 2, ""c7e22c1f"": 6, ""b1269e28"": 7, ""1ac2ffac"": 8, ""d1f37ed1"": 0}"
upload,d1f37ed1,2212,2213,268.338394,40.011783,2.232821,25,"{""e0606b55"": 2, ""c7e22c1f"": 6, ""b1269e28"": 7, ""1ac2ffac"": 8, ""06e9e5b9"": 2}"
upload,e0606b55,2296,2297,282.174773,40.000329,1.379823,31,"{""c7e22c1f"": 7, ""b1269e28"": 5, ""1ac2ffac"": 7, ""d1f37ed1"": 5, ""06e9e5b9"": 7}"
upload,06e9e5b9,2269,2270,279.211576,40.004879,1.014198,26,"{""e0606b55"": 3, ""c7e22c1f"": 7, ""b1269e28"": 7, ""1ac2ffac"": 8, ""d1f37ed1"": 1}"
upload,d1f37ed1,2258,2259,283.304981,40.011552,0.823643,26,"{""e0606b55"": 3, ""c7e22c1f"": 7, ""b1269e28"": 7, ""1ac2ffac"": 8, ""06e9e5b9"": 1}"
upload,e0606b55,2342,2343,282.200836,39.998916,0.737625,33,"{""c7e22c1f"": 7, ""b1269e28"": 5, ""1ac2ffac"": 7, ""d1f37ed1"": 7, ""06e9e5b9"": 7}"
upload,06e9e5b9,2317,2318,273.488522,39.990583,0.942904,25,"{""e0606b55"": 2, ""c7e22c1f"": 7, ""b1269e28"": 7, ""1ac2ffac"": 8, ""d1f37ed1"": 1}"
upload,d1f37ed1,2306,2307,273.448575,39.99465,0.802121,25,"{""e0606b55"": 2, ""c7e22c1f"": 7, ""b1269e28"": 7, ""1ac2ffac"": 8, ""06e9e5b9"": 1}"
upload,e0606b55,2390,2391,284.742495,40.001859,1.234792,28,"{""c7e22c1f"": 7, ""b1269e28"": 5, ""1ac2ffac"": 6, ""d1f37ed1"": 3, ""06e9e5b9"": 7}"
upload,06e9e5b9,2365,2366,287.585905,40.003142,1.300006,23,"{""e0606b55"": 2, ""c7e22c1f"": 7, ""b1269e28"": 6, ""1ac2ffac"": 8, ""d1f37ed1"": 0}"
upload,d1f37ed1,2354,2355,291.197378,40.006146,1.460522,25,"{""e0606b55"": 2, ""c7e22c1f"": 7, ""b1269e28"": 6, ""1ac2ffac"": 8, ""06e9e5b9"": 2}"
upload,e0606b55,2438,2439,273.252596,39.998859,1.778484,32,"{""c7e22c1f"": 6, ""b1269e28"": 5, ""1ac2ffac"": 7, ""d1f37ed1"": 7, ""06e9e5b9"": 7}"
upload,06e9e5b9,2413,2414,281.632191,40.001258,1.385646,24,"{""e0606b55"": 2, ""c7e22c1f"": 7, ""b1269e28"": 7, ""1ac2ffac"": 8, ""d1f37ed1"": 0}"
upload,d1f37ed1,2402,2403,295.474159,40.002389,1.585739,27,"{""e0606b55"": 2, ""c7e22c1f"": 8, ""b1269e28"": 7, ""1ac2ffac"": 8, ""06e9e5b9"": 2}"
upload,e0606b55,2485,2486,284.268017,40.000211,0.757673,29,"{""c7e22c1f"": 7, ""b1269e28"": 5, ""1ac2ffac"": 7, ""d1f37ed1"": 4, ""06e9e5b9"": 6}"
upload,06e9e5b9,2460,2461,265.159725,40.000768,0.658868,25,"{""e0606b55"": 2, ""c7e22c1f"": 7, ""b1269e28"": 7, ""1ac2ffac"": 8, ""d1f37ed1"": 1}"
upload,d1f37ed1,2447,2448,265.648816,40.004752,1.704375,25,"{""e0606b55"": 2, ""c7e22c1f"": 7, ""b1269e28"": 7, ""1ac2ffac"": 8, ""06e9e5b9"": 1}"
upload,b1269e28,2097,2098,186.328043,45.231805,1.681765,9,"{""e0606b55"": 2, ""c7e22c1f"": 1, ""1ac2ffac"": 2, ""d1f37ed1"": 2, ""06e9e5b9"": 2}"
upload,e0606b55,2533,2534,280.920468,39.999,1.045179,31,"{""c7e22c1f"": 6, ""b1269e28"": 5, ""1ac2ffac"": 7, ""d1f37ed1"": 6, ""06e9e5b9"": 7}"
upload,d1f37ed1,2494,2495,271.652051,39.994807,0.966061,24,"{""e0606b55"": 2, ""c7e22c1f"": 7, ""b1269e28"": 7, ""1ac2ffac"": 8, ""06e9e5b9"": 0}"
upload,06e9e5b9,2508,2509,277.985319,40.007583,1.279897,26,"{""e0606b55"": 2, ""c7e22c1f"": 7, ""b1269e28"": 7, ""1ac2ffac"": 8, ""d1f37ed1"": 2}"
upload,e0606b55,2581,2582,281.007924,39.999972,0.901046,33,"{""c7e22c1f"": 7, ""b1269e28"": 5, ""1ac2ffac"": 7, ""d1f37ed1"": 7, ""06e9e5b9"": 7}"
upload,d1f37ed1,2542,2543,282.730725,39.99152,1.849741,22,"{""e0606b55"": 2, ""c7e22c1f"": 6, ""b1269e28"": 7, ""1ac2ffac"": 7, ""06e9e5b9"": 0}"
upload,06e9e5b9,2556,2557,290.088477,39.98864,2.381453,25,"{""e0606b55"": 2, ""c7e22c1f"": 6, ""b1269e28"": 7, ""1ac2ffac"": 8, ""d1f37ed1"": 2}"
upload,e0606b55,2629,2630,278.057351,40.000209,1.39913,31,"{""c7e22c1f"": 7, ""b1269e28"": 5, ""1ac2ffac"": 7, ""d1f37ed1"": 5, ""06e9e5b9"": 7}"
upload,d1f37ed1,2589,2590,276.629609,39.998886,1.219852,25,"{""e0606b55"": 2, ""c7e22c1f"": 7, ""b1269e28"": 7, ""1ac2ffac"": 8, ""06e9e5b9"": 1}"
upload,06e9e5b9,2604,2605,287.677444,39.990447,1.023376,26,"{""e0606b55"": 3, ""c7e22c1f"": 7, ""b1269e28"": 7, ""1ac2ffac"": 8, ""d1f37ed1"": 1}"
upload,e0606b55,2677,2678,293.389335,39.995034,1.78733,34,"{""c7e22c1f"": 8, ""b1269e28"": 5, ""1ac2ffac"": 7, ""d1f37ed1"": 7, ""06e9e5b9"": 7}"
upload,06e9e5b9,2652,2653,277.092605,39.996462,0.995254,26,"{""e0606b55"": 3, ""c7e22c1f"": 7, ""b1269e28"": 7, ""1ac2ffac"": 8, ""d1f37ed1"": 1}"
upload,d1f37ed1,2637,2638,279.032714,39.993403,0.74696,26,"{""e0606b55"": 3, ""c7e22c1f"": 7, ""b1269e28"": 7, ""1ac2ffac"": 8, ""06e9e5b9"": 1}"
upload,e0606b55,2725,2726,277.217499,40.002181,1.570104,31,"{""c7e22c1f"": 6, ""b1269e28"": 5, ""1ac2ffac"": 7, ""d1f37ed1"": 7, ""06e9e5b9"": 6}"
upload,d1f37ed1,2685,2686,270.332384,40.012074,1.519509,24,"{""e0606b55"": 2, ""c7e22c1f"": 7, ""b1269e28"": 7, ""1ac2ffac"": 8, ""06e9e5b9"": 0}"
upload,06e9e5b9,2699,2700,274.401938,40.013647,1.067637,26,"{""e0606b55"": 2, ""c7e22c1f"": 7, ""b1269e28"": 7, ""1ac2ffac"": 8, ""d1f37ed1"": 2}"
upload,b1269e28,2317,2318,212.612565,49.992074,1.73646,25,"{""e0606b55"": 1, ""c7e22c1f"": 5, ""1ac2ffac"": 5, ""d1f37ed1"": 7, ""06e9e5b9"": 7}"
upload,e0606b55,2773,2774,273.766683,40.001637,1.022194,28,"{""c7e22c1f"": 7, ""b1269e28"": 5, ""1ac2ffac"": 7, ""d1f37ed1"": 2, ""06e9e5b9"": 7}"
upload,06e9e5b9,2747,2748,274.740325,40.002045,1.11652,24,"{""e0606b55"": 2, ""c7e22c1f"": 7, ""b1269e28"": 7, ""1ac2ffac"": 8, ""d1f37ed1"": 0}"
upload,d1f37ed1,2733,2734,277.839837,40.005584,1.027553,26,"{""e0606b55"": 2, ""c7e22c1f"": 7, ""b1269e28"": 7, ""1ac2ffac"": 8, ""06e9e5b9"": 2}"
upload,e0606b55,2819,2820,281.726427,40.001774,1.148328,34,"{""c7e22c1f"": 8, ""b1269e28"": 5, ""1ac2ffac"": 7, ""d1f37ed1"": 7, ""06e9e5b9"": 7}"
upload,06e9e5b9,2795,2796,286.774929,39.999633,1.155858,24,"{""e0606b55"": 2, ""c7e22c1f"": 7, ""b1269e28"": 7, ""1ac2ffac"": 8, ""d1f37ed1"": 0}"
upload,d1f37ed1,2781,2782,289.392396,40.006084,1.191572,26,"{""e0606b55"": 2, ""c7e22c1f"": 7, ""b1269e28"": 7, ""1ac2ffac"": 8, ""06e9e5b9"": 2}"
upload,e0606b55,2867,2868,300.580987,40.000292,1.004019,35,"{""c7e22c1f"": 8, ""b1269e28"": 6, ""1ac2ffac"": 7, ""d1f37ed1"": 7, ""06e9e5b9"": 7}"
upload,06e9e5b9,2843,2844,276.04641,39.999318,0.929361,23,"{""e0606b55"": 2, ""c7e22c1f"": 6, ""b1269e28"": 7, ""1ac2ffac"": 8, ""d1f37ed1"": 0}"
upload,d1f37ed1,2829,2830,288.494798,39.994734,0.755022,27,"{""e0606b55"": 3, ""c7e22c1f"": 7, ""b1269e28"": 7, ""1ac2ffac"": 8, ""06e9e5b9"": 2}"
upload,e0606b55,2915,2916,281.571191,39.999485,1.038898,32,"{""c7e22c1f"": 7, ""b1269e28"": 5, ""1ac2ffac"": 7, ""d1f37ed1"": 6, ""06e9e5b9"": 7}"
upload,d1f37ed1,2876,2877,274.9059,40.005554,0.840593,23,"{""e0606b55"": 2, ""c7e22c1f"": 6, ""b1269e28"": 7, ""1ac2ffac"": 7, ""06e9e5b9"": 1}"
upload,06e9e5b9,2891,2892,287.514732,40.004129,0.799246,25,"{""e0606b55"": 2, ""c7e22c1f"": 7, ""b1269e28"": 7, ""1ac2ffac"": 8, ""d1f37ed1"": 1}"
upload,1ac2ffac,3097,3098,180.859599,39.997844,1.483063,8,"{""e0606b55"": 0, ""c7e22c1f"": 3, ""b1269e28"": 3, ""d1f37ed1"": 1, ""06e9e5b9"": 1}"
upload,e0606b55,2963,2964,282.856611,40.000491,1.200913,33,"{""c7e22c1f"": 7, ""b1269e28"": 5, ""1ac2ffac"": 7, ""d1f37ed1"": 7, ""06e9e5b9"": 7}"
upload,06e9e5b9,2939,2940,284.8014,39.999055,0.99877,24,"{""e0606b55"": 2, ""c7e22c1f"": 7, ""b1269e28"": 7, ""1ac2ffac"": 8, ""d1f37ed1"": 0}"
upload,d1f37ed1,2924,2925,292.234289,40.006139,1.0324,26,"{""e0606b55"": 2, ""c7e22c1f"": 7, ""b1269e28"": 7, ""1ac2ffac"": 8, ""06e9e5b9"": 2}"
upload,e0606b55,3011,3012,259.997129,40.00328,1.113962,28,"{""c7e22c1f"": 7, ""b1269e28"": 5, ""1ac2ffac"": 7, ""d1f37ed1"": 2, ""06e9e5b9"": 7}"
upload,06e9e5b9,2987,2988,271.171171,39.99749,1.585845,24,"{""e0606b55"": 2, ""c7e22c1f"": 7, ""b1269e28"": 7, ""1ac2ffac"": 8, ""d1f37ed1"": 0}"
upload,d1f37ed1,2969,2970,275.993395,39.998966,0.627973,26,"{""e0606b55"": 2, ""c7e22c1f"": 7, ""b1269e28"": 7, ""1ac2ffac"": 8, ""06e9e5b9"": 2}"
upload,e0606b55,3059,3060,271.407127,40.005204,0.86887,31,"{""c7e22c1f"": 7, ""b1269e28"": 5, ""1ac2ffac"": 7, ""d1f37ed1"": 5, ""06e9e5b9"": 7}"
upload,d1f37ed1,3016,3017,276.886435,40.001435,1.056911,25,"{""e0606b55"": 2, ""c7e22c1f"": 7, ""b1269e28"": 7, ""1ac2ffac"": 8, ""06e9e5b9"": 1}"
upload,06e9e5b9,3035,3036,282.942643,39.997329,1.089182,26,"{""e0606b55"": 3, ""c7e22c1f"": 7, ""b1269e28"": 7, ""1ac2ffac"": 8, ""d1f37ed1"": 1}"
upload,e0606b55,3107,3108,275.092164,39.997158,1.162908,33,"{""c7e22c1f"": 7, ""b1269e28"": 5, ""1ac2ffac"": 7, ""d1f37ed1"": 7, ""06e9e5b9"": 7}"
upload,06e9e5b9,3083,3084,287.457116,39.997834,1.379271,26,"{""e0606b55"": 3, ""c7e22c1f"": 7, ""b1269e28"": 7, ""1ac2ffac"": 8, ""d1f37ed1"": 1}"
upload,d1f37ed1,3064,3065,287.860288,40.000284,0.672731,26,"{""e0606b55"": 3, ""c7e22c1f"": 7, ""b1269e28"": 7, ""1ac2ffac"": 8, ""06e9e5b9"": 1}"
upload,e0606b55,3155,3156,281.75595,39.99995,1.777712,29,"{""c7e22c1f"": 8, ""b1269e28"": 5, ""1ac2ffac"": 7, ""d1f37ed1"": 6, ""06e9e5b9"": 3}"
upload,06e9e5b9,3127,3128,279.380007,39.989102,0.943741,25,"{""e0606b55"": 3, ""c7e22c1f"": 7, ""b1269e28"": 7, ""1ac2ffac"": 8, ""d1f37ed1"": 0}"
upload,d1f37ed1,3111,3112,282.927418,39.986089,1.334235,27,"{""e0606b55"": 3, ""c7e22c1f"": 7, ""b1269e28"": 7, ""1ac2ffac"": 8, ""06e9e5b9"": 2}"
upload,e0606b55,3202,3203,285.085913,40.000244,1.188684,35,"{""c7e22c1f"": 8, ""b1269e28"": 5, ""1ac2ffac"": 8, ""d1f37ed1"": 7, ""06e9e5b9"": 7}"
upload,06e9e5b9,3175,3176,274.835684,39.995553,1.213648,23,"{""e0606b55"": 2, ""c7e22c1f"": 6, ""b1269e28"": 7, ""1ac2ffac"": 8, ""d1f37ed1"": 0}"
upload,d1f37ed1,3159,3160,277.489553,39.993469,0.714875,25,"{""e0606b55"": 2, ""c7e22c1f"": 6, ""b1269e28"": 7, ""1ac2ffac"": 8, ""06e9e5b9"": 2}"
upload,e0606b55,3250,3251,277.368059,39.993575,1.707355,33,"{""c7e22c1f"": 7, ""b1269e28"": 5, ""1ac2ffac"": 7, ""d1f37ed1"": 7, ""06e9e5b9"": 7}"
upload,d1f37ed1,3207,3208,291.823375,40.000996,0.948394,25,"{""e0606b55"": 2, ""c7e22c1f"": 7, ""b1269e28"": 7, ""1ac2ffac"": 8, ""06e9e5b9"": 1}"
upload,06e9e5b9,3223,3224,284.070156,39.995931,5.166914,26,"{""e0606b55"": 3, ""c7e22c1f"": 7, ""b1269e28"": 7, ""1ac2ffac"": 8, ""d1f37ed1"": 1}"
upload,e0606b55,3297,3298,280.498203,40.001506,3.098336,33,"{""c7e22c1f"": 7, ""b1269e28"": 5, ""1ac2ffac"": 7, ""d1f37ed1"": 7, ""06e9e5b9"": 7}"
upload,d1f37ed1,3255,3256,277.815473,39.994189,0.515453,25,"{""e0606b55"": 3, ""c7e22c1f"": 6, ""b1269e28"": 7, ""1ac2ffac"": 8, ""06e9e5b9"": 1}"
upload,06e9e5b9,3271,3272,280.380144,40.007148,1.220628,25,"{""e0606b55"": 3, ""c7e22c1f"": 6, ""b1269e28"": 7, ""1ac2ffac"": 8, ""d1f37ed1"": 1}"
upload,e0606b55,3345,3346,284.229131,40.002056,1.235721,32,"{""c7e22c1f"": 8, ""b1269e28"": 5, ""1ac2ffac"": 7, ""d1f37ed1"": 6, ""06e9e5b9"": 6}"
upload,d1f37ed1,3302,3303,272.05921,39.996966,0.627317,24,"{""e0606b55"": 2, ""c7e22c1f"": 7, ""b1269e28"": 7, ""1ac2ffac"": 8, ""06e9e5b9"": 0}"
upload,06e9e5b9,3318,3319,275.627836,39.997406,1.327959,26,"{""e0606b55"": 2, ""c7e22c1f"": 7, ""b1269e28"": 7, ""1ac2ffac"": 8, ""d1f37ed1"": 2}"
upload,e0606b55,3391,3392,281.097799,40.007846,1.700259,31,"{""c7e22c1f"": 7, ""b1269e28"": 5, ""1ac2ffac"": 7, ""d1f37ed1"": 7, ""06e9e5b9"": 5}"
upload,d1f37ed1,3350,3351,281.442431,40.004799,0.714036,24,"{""e0606b55"": 2, ""c7e22c1f"": 7, ""b1269e28"": 7, ""1ac2ffac"": 8, ""06e9e5b9"": 0}"
upload,06e9e5b9,3364,3365,284.329015,39.995082,1.48513,26,"{""e0606b55"": 2, ""c7e22c1f"": 7, ""b1269e28"": 7, ""1ac2ffac"": 8, ""d1f37ed1"": 2}"
upload,e0606b55,3436,3437,288.052864,40.003979,1.601575,31,"{""c7e22c1f"": 6, ""b1269e28"": 5, ""1ac2ffac"": 7, ""d1f37ed1"": 6, ""06e9e5b9"": 7}"
upload,d1f37ed1,3397,3398,275.287944,40.000571,1.222024,25,"{""e0606b55"": 2, ""c7e22c1f"": 7, ""b1269e28"": 7, ""1ac2ffac"": 8, ""06e9e5b9"": 1}"
upload,06e9e5b9,3412,3413,279.447265,39.996213,0.805941,26,"{""e0606b55"": 3, ""c7e22c1f"": 7, ""b1269e28"": 7, ""1ac2ffac"": 8, ""d1f37ed1"": 1}"
upload,e0606b55,3484,3485,289.147982,39.998643,1.801609,34,"{""c7e22c1f"": 8, ""b1269e28"": 5, ""1ac2ffac"": 7, ""d1f37ed1"": 7, ""06e9e5b9"": 7}"
