camera,epoch_ms,interval_ms,framesDecoded,framesDropped,freezeCount,totalFreezesDuration,packetsLost,jitterBufferDelay,jitterBufferEmittedCount,decoded_fps,jitter_buffer_ms
b1269e28,1790072076304,1010.676025390625,12,0,0,0,0,0.178068,12,11.873240977851449,14.839
1ac2ffac,1790072076304,1010.565185546875,15,0,0,0,0,0.21148399999999998,15,14.843179059134751,14.098933333333331
d1f37ed1,1790072076304,1010.488037109375,16,0,0,0,0,0.329156,16,15.833933121830876,20.57225
06e9e5b9,1790072076304,1010.419921875,16,0,0,0,0,0.30483499999999997,16,15.835000531570453,19.0521875
e0606b55,1790072076304,1010.39599609375,18,0,0,0,0,0.37489,18,17.814797435450114,20.827222222222222
c7e22c1f,1790072076304,1010.33203125,0,0,0,0,0,0,0,0.0,
b5e8f409,1790072076304,1010.31103515625,23,0,0,0,0,0.15751699999999996,22,22.76526653640176,7.159863636363635
b1269e28,1790072077316,1011.955078125,20,0,0,0,0,0.299641,21,19.76372314575167,14.268619047619046
1ac2ffac,1790072077316,1012.037841796875,24,0,0,0,0,0.35648599999999997,25,23.71452826051243,14.25944
d1f37ed1,1790072077316,1012.075927734375,25,0,0,0,0,0.5288959999999999,25,24.701704007489635,21.155839999999998
06e9e5b9,1790072077316,1012.174072265625,25,0,0,0,0,0.52613,25,24.699308829399897,21.0452
e0606b55,1790072077316,1012.19580078125,25,0,0,0,0,0.5854699999999999,25,24.698778616453534,23.418799999999997
c7e22c1f,1790072077316,1012.223876953125,18,0,0,0,0,0.35289299999999996,18,17.782627351353778,19.605166666666666
b5e8f409,1790072077316,1012.197998046875,20,0,0,0,0,0.14759100000000003,20,19.758980000545108,7.379550000000002
b1269e28,1790072078328,1012.0439453125,20,0,0,0,0,0.9142600000000001,19,19.76198770086449,48.11894736842106
1ac2ffac,1790072078328,1012.095947265625,26,0,0,0,0,0.493977,25,25.689264017155764,19.759079999999997
d1f37ed1,1790072078328,1012.131103515625,25,0,0,0,0,0.560126,25,24.70035740741768,22.40504
06e9e5b9,1790072078328,1012.06494140625,25,0,0,0,0,0.5332919999999999,25,24.701972153351,21.331679999999995
e0606b55,1790072078328,1012.0,25,0,0,0,0,0.523241,25,24.703557312252965,20.92964
c7e22c1f,1790072078328,1011.965087890625,25,0,0,0,0,0.506041,25,24.70440956823013,20.241639999999997
b5e8f409,1790072078328,1011.93896484375,19,0,1,0.243,0,0.9466159999999999,19,18.775835954625705,49.8218947368421
b1269e28,1790072079339,1010.208984375,20,0,0,0,0,1.3955769999999998,20,19.797883714500596,69.77884999999999
1ac2ffac,1790072079339,1010.066162109375,25,0,0,0,0,0.57959,25,24.750853892373907,23.183600000000002
d1f37ed1,1790072079339,1010.1279296875,26,0,0,0,0,0.5843589999999999,26,25.73931403722649,22.475346153846147
06e9e5b9,1790072079339,1010.1630859375,26,0,0,0,0,0.575876,26,25.73841824349603,22.149076923076926
e0606b55,1790072079339,1010.2451171875,26,0,0,0,0,0.5653330000000001,26,25.73632830058454,21.743576923076926
c7e22c1f,1790072079339,1010.301025390625,26,0,0,0,0,0.560475,26,25.734904099446304,21.556730769230764
b5e8f409,1790072079339,1010.342041015625,21,0,0,0.0,0,1.363286,21,20.7850402611082,64.91838095238096
b1269e28,1790072080352,1013.0,20,0,0,0,0,1.522977,20,19.743336623889437,76.14885000000001
1ac2ffac,1790072080352,1013.096923828125,25,0,0,0,0,0.521541,25,24.67680970299869,20.86164
d1f37ed1,1790072080352,1013.114990234375,25,0,0,0,0,0.5142670000000003,25,24.67636965298132,20.57068000000001
06e9e5b9,1790072080352,1013.202880859375,25,0,0,0,0,0.5247709999999999,25,24.67422909298835,20.990839999999995
e0606b55,1790072080352,1013.2109375,25,0,0,0,0,0.5392159999999997,25,24.6740328935701,21.568639999999988
c7e22c1f,1790072080352,1013.27294921875,25,0,0,0,0,0.5088710000000001,25,24.672522857020322,20.354840000000003
b5e8f409,1790072080352,1013.260009765625,19,0,0,0.0,0,0.8184559999999999,19,18.751356825376785,43.076631578947364
b1269e28,1790072081363,1011.427001953125,20,0,0,0,0,1.8058139999999998,20,19.774041983631864,90.29069999999999
1ac2ffac,1790072081363,1011.54296875,25,0,0,0,0,0.5624049999999996,26,24.71471877353208,21.630961538461523
d1f37ed1,1790072081363,1011.423095703125,26,0,0,0,0,0.6102919999999998,26,25.70635385968245,23.472769230769224
06e9e5b9,1790072081363,1011.30615234375,26,0,0,0,0,0.5783870000000002,26,25.709326438629653,22.245653846153854
e0606b55,1790072081363,1011.2900390625,26,0,0,0,0,0.553391,26,25.709736075421922,21.28426923076923
c7e22c1f,1790072081363,1011.179931640625,26,0,0,0,0,0.545131,26,25.712535609577785,20.966576923076925
b5e8f409,1790072081363,1011.10791015625,20,0,0,0.0,0,1.697076,21,19.78028240023296,80.81314285714286
b1269e28,1790072082375,1011.5,20,0,0,0,0,1.7861459999999996,20,19.77261492832427,89.30729999999997
1ac2ffac,1790072082375,1011.3779296875,26,0,0,0,0,0.517179,25,25.70750185149244,20.687160000000002
d1f37ed1,1790072082375,1011.844970703125,25,0,0,0,0,0.5276830000000001,25,24.707342254839347,21.107320000000005
06e9e5b9,1790072082375,1011.865966796875,25,0,0,0,0,0.5246439999999999,25,24.70682958054125,20.985759999999996
e0606b55,1790072082375,1011.89111328125,25,0,0,0,0,0.5708730000000002,25,24.70621559164872,22.834920000000007
c7e22c1f,1790072082375,1012.0791015625,25,0,0,0,0,0.5229299999999997,25,24.7016265442135,20.91719999999999
b5e8f409,1790072082375,1012.18798828125,21,0,0,0.0,0,1.520696,20,20.747134171844042,76.0348
b1269e28,1790072083389,1014.824951171875,21,0,0,0,0,1.798127,21,20.6932239651283,85.62509523809524
1ac2ffac,1790072083389,1014.760009765625,25,0,0,0,0,0.5401400000000001,25,24.63636698274516,21.605600000000003
d1f37ed1,1790072083389,1014.281982421875,25,0,0,0,0,0.5635340000000002,25,24.647978011307742,22.541360000000008
06e9e5b9,1790072083389,1014.3291015625,25,0,0,0,0,0.5967439999999997,25,24.646833026371148,23.86975999999999
e0606b55,1790072083389,1014.27685546875,25,0,0,0,0,0.5531540000000001,25,24.648102601578344,22.126160000000006
c7e22c1f,1790072083389,1014.0908203125,25,0,0,0,0,0.47575600000000007,25,24.65262430074661,19.030240000000003
b5e8f409,1790072083389,1014.023193359375,20,0,0,0.0,0,1.447863,20,19.723414741374558,72.39314999999999
b1269e28,1790072084404,1014.179931640625,20,0,0,0,0,1.6489080000000005,20,19.72036655038744,82.44540000000003
1ac2ffac,1790072084404,1014.22216796875,25,0,0,0,0,0.5542710000000004,25,24.64943164284129,22.170840000000016
d1f37ed1,1790072084404,1014.260009765625,25,0,0,0,0,0.545407,25,24.64851197847877,21.816279999999995
06e9e5b9,1790072084404,1014.197998046875,25,0,0,0,0,0.5221650000000002,25,24.650019077285272,20.88660000000001
e0606b55,1790072084404,1014.27294921875,25,0,0,0,0,0.5441069999999995,25,24.648197528344223,21.764279999999975
c7e22c1f,1790072084404,1014.323974609375,25,0,0,0,0,0.5031840000000001,25,24.64695760506668,20.127360000000003
b5e8f409,1790072084404,1014.35986328125,20,0,0,0.0,0,1.5920679999999994,20,19.716868464515173,79.60339999999997
b1269e28,1790072085418,1014.6640625,20,0,0,0,0,1.710025,20,19.71095729035934,85.50125
1ac2ffac,1790072085418,1014.617919921875,26,0,0,0,0,0.6083269999999992,26,25.625409811411554,23.397192307692276
d1f37ed1,1790072085418,1014.5458984375,26,0,0,0,0,0.5739479999999997,26,25.62722893073891,22.074923076923064
06e9e5b9,1790072085418,1014.47998046875,26,0,0,0,0,0.5847490000000004,26,25.628894113796562,22.49034615384617
e0606b55,1790072085418,1014.362060546875,26,0,0,0,0,0.5740680000000005,26,25.63187348113411,22.07953846153848
c7e22c1f,1790072085418,1014.274169921875,26,0,0,0,0,0.5175070000000002,26,25.634094578197395,19.90411538461539
b5e8f409,1790072085418,1014.192138671875,21,0,0,0.0,0,1.3872809999999998,21,20.706135651475602,66.06099999999999
b1269e28,1790072086431,1013.27099609375,21,0,0,0,0,1.6700079999999993,21,20.724959148102403,79.52419047619044
1ac2ffac,1790072086431,1013.27099609375,25,0,0,0,0,0.6210720000000007,25,24.672570414407623,24.842880000000026
d1f37ed1,1790072086431,1013.337158203125,25,0,0,0,0,0.498151,25,24.67095950999234,19.92604
06e9e5b9,1790072086431,1013.4228515625,25,0,0,0,0,0.535221,25,24.668873374480242,21.40884
e0606b55,1790072086431,1013.48095703125,25,0,0,0,0,0.5320200000000002,25,24.6674590445503,21.28080000000001
c7e22c1f,1790072086431,1013.52783203125,25,0,0,0,0,0.5012530000000002,25,24.66631819068702,20.050120000000007
b5e8f409,1790072086431,1013.581787109375,20,0,0,0.0,0,1.5228730000000006,20,19.73200412079012,76.14365000000002
b1269e28,1790072087448,1015.923095703125,20,0,0,0,0,1.6830079999999992,20,19.68652950660395,84.15039999999996
1ac2ffac,1790072087448,1016.14404296875,26,0,0,0,0,0.6498189999999999,26,25.58692360586873,24.99303846153846
d1f37ed1,1790072087448,1016.135986328125,25,0,0,0,0,0.5840529999999999,25,24.603006227876214,23.362119999999994
06e9e5b9,1790072087448,1016.093017578125,25,0,0,0,0,0.5738689999999993,25,24.604046644851397,22.954759999999975
e0606b55,1790072087448,1016.089111328125,25,0,0,0,0,0.5456769999999995,25,24.604141232576172,21.82707999999998
c7e22c1f,1790072087448,1016.2841796875,26,0,0,0,0,0.5209449999999993,26,25.58339539241358,20.03634615384613
b5e8f409,1790072087448,1016.301025390625,20,0,0,0.0,0,1.4977579999999993,20,19.679208719004105,74.88789999999997
b1269e28,1790072088463,1016.15283203125,20,0,0,0,0,1.547073000000001,20,19.682078688912156,77.35365000000004
1ac2ffac,1790072088463,1015.9599609375,25,0,0,0,0,0.593388,25,24.607268948798616,23.73552
d1f37ed1,1790072088463,1015.926025390625,26,0,0,0,0,0.5849229999999999,26,25.592414555974155,22.49703846153846
06e9e5b9,1790072088463,1015.91015625,26,0,0,0,0,0.5768950000000004,26,25.592814325208693,22.188269230769247
e0606b55,1790072088463,1015.868896484375,26,0,0,0,0,0.57836,26,25.5938537836707,22.244615384615386
c7e22c1f,1790072088463,1015.65087890625,25,0,0,0,0,0.4912239999999999,25,24.614757412431317,19.648959999999995
b5e8f409,1790072088463,1015.610107421875,21,0,0,0.0,0,1.3808790000000002,21,20.677226276635306,65.75614285714286
b1269e28,1790072089475,1011.97119140625,20,0,0,0,0,1.7307339999999982,20,19.763408454550675,86.53669999999991
1ac2ffac,1790072089475,1011.89111328125,25,0,0,0,0,0.6001319999999994,25,24.70621559164872,24.00527999999998
d1f37ed1,1790072089475,1011.887939453125,25,0,0,0,0,0.582382,25,24.7062930837097,23.295279999999998
06e9e5b9,1790072089475,1011.90576171875,25,0,0,0,0,0.5749969999999998,25,24.705857942281906,22.99987999999999
e0606b55,1790072089475,1011.89501953125,25,0,0,0,0,0.5523379999999998,25,24.706120217471764,22.09351999999999
c7e22c1f,1790072089475,1011.884033203125,25,0,0,0,0,0.5282790000000004,25,24.70638845922131,21.131160000000012
b5e8f409,1790072089475,1011.873046875,20,0,0,0.0,0,1.3917129999999993,20,19.765325365436546,69.58564999999996
b1269e28,1790072090490,1014.8818359375,21,0,0,0,0,1.7310430000000032,21,20.692064096901674,82.4306190476192
1ac2ffac,1790072090490,1014.90478515625,26,0,0,0,0,0.5887720000000005,26,25.618166728810095,22.645076923076942
d1f37ed1,1790072090490,1014.886962890625,26,0,0,0,0,0.5917850000000007,26,25.61861660528793,22.760961538461565
06e9e5b9,1790072090490,1014.863037109375,26,0,0,0,0,0.5797139999999992,26,25.619220573896907,22.296692307692275
e0606b55,1790072090490,1014.905029296875,26,0,0,0,0,0.5521590000000005,26,25.61816056622832,21.236884615384636
c7e22c1f,1790072090490,1014.950927734375,26,0,0,0,0,0.526662,26,25.61700205352639,20.256230769230765
b5e8f409,1790072090490,1014.9619140625,20,0,0,0.0,0,1.1965199999999996,20,19.705172896535334,59.82599999999998
b1269e28,1790072091504,1013.650146484375,20,0,0,0,0,1.7012499999999982,20,19.730673417614202,85.06249999999991
1ac2ffac,1790072091504,1013.777099609375,25,0,0,0,0,0.6166660000000004,25,24.66025323479186,24.666640000000015
d1f37ed1,1790072091504,1013.8349609375,25,0,0,0,0,0.562087,25,24.65884583116204,22.48348
06e9e5b9,1790072091504,1013.85498046875,25,0,0,0,0,0.588692,25,24.658358918788753,23.54768
e0606b55,1790072091504,1013.868896484375,25,0,0,0,0,0.5242000000000004,25,24.65802046663859,20.96800000000002
c7e22c1f,1790072091504,1013.85009765625,25,0,0,0,0,0.5089519999999998,25,24.658477676131124,20.358079999999994
b5e8f409,1790072091504,1013.85107421875,21,0,0,0.0,0,1.3582070000000002,21,20.713101296639756,64.67652380952381
b1269e28,1790072092517,1013.8818359375,20,0,0,0,0,1.5731390000000012,20,19.72616461908179,78.65695000000007
1ac2ffac,1790072092517,1013.74609375,25,0,0,0,0,0.5751069999999991,25,24.661007479221176,23.004279999999966
d1f37ed1,1790072092517,1013.675048828125,25,0,0,0,0,0.557677,25,24.662735882570693,22.30708
06e9e5b9,1790072092517,1013.63720703125,25,0,0,0,0,0.5462510000000016,25,24.663656608679776,21.850040000000064
e0606b55,1790072092517,1013.567138671875,25,0,0,0,0,0.5369589999999995,25,24.665361618529467,21.47835999999998
c7e22c1f,1790072092517,1013.530029296875,25,0,0,0,0,0.4954049999999999,25,24.66626471575141,19.816199999999995
b5e8f409,1790072092517,1013.496826171875,20,0,0,0.0,0,1.246174,20,19.73365824493295,62.3087
b1269e28,1790072093530,1011.712158203125,20,0,0,0,0,1.7227630000000005,20,19.76846856869,86.13815000000002
1ac2ffac,1790072093530,1011.739013671875,26,0,0,0,0,0.5861280000000004,26,25.698326988141886,22.543384615384632
d1f37ed1,1790072093530,1011.802978515625,25,0,0,0,0,0.5375429999999994,25,24.708367667267083,21.501719999999978
06e9e5b9,1790072093530,1011.951904296875,25,0,0,0,0,0.5832979999999992,25,24.70473141445444,23.33191999999997
e0606b55,1790072093530,1012.0400390625,25,0,0,0,0,0.5631039999999992,25,24.7025799721903,22.524159999999966
c7e22c1f,1790072093530,1012.137939453125,26,0,0,0,0,0.5232980000000005,26,25.688198205521505,20.12684615384617
b5e8f409,1790072093530,1012.22509765625,20,0,0,0.0,0,1.0382670000000012,20,19.758451006904362,51.91335000000006
b1269e28,1790072094548,1018.615966796875,21,0,0,0,0,1.641067999999997,21,20.616209331605408,78.1460952380951
1ac2ffac,1790072094548,1018.60791015625,25,0,0,0,0,0.6502330000000001,25,24.54330046991792,26.009320000000002
d1f37ed1,1790072094548,1018.55712890625,26,0,0,0,0,0.5856890000000003,26,25.52630506638287,22.526500000000013
06e9e5b9,1790072094548,1018.427978515625,26,0,0,0,0,0.5812170000000005,26,25.52954214582303,22.354500000000023
e0606b55,1790072094548,1018.36181640625,26,0,0,0,0,0.5610140000000001,26,25.531200778670936,21.57746153846154
c7e22c1f,1790072094548,1018.283935546875,25,0,0,0,0,0.5048069999999996,25,24.55110910354646,20.192279999999982
b5e8f409,1790072094548,1018.26708984375,21,0,0,0.0,0,1.178452,21,20.6232728224796,56.1167619047619
b1269e28,1790072095562,1014.14990234375,20,0,0,0,0,1.627486000000001,20,19.72095047662976,81.37430000000005
1ac2ffac,1790072095562,1014.180908203125,25,0,0,0,0,0.652863,25,24.65043445187087,26.11452
d1f37ed1,1790072095562,1014.207763671875,25,0,0,0,0,0.5448519999999988,25,24.64978172666425,21.794079999999948
06e9e5b9,1790072095562,1014.26708984375,25,0,0,0,0,0.5261370000000003,25,24.64833991986401,21.045480000000012
e0606b55,1790072095562,1014.2412109375,25,0,0,0,0,0.5814590000000006,25,24.648968835422878,23.258360000000025
c7e22c1f,1790072095562,1014.213134765625,25,0,0,0,0,0.47211800000000004,25,24.64965118577099,18.88472
b5e8f409,1790072095562,1014.204833984375,20,0,1,0.20600000000000002,0,1.0311549999999983,20,19.719882345096497,51.55774999999992
b1269e28,1790072096572,1010.489013671875,20,0,0,0,0,1.5738599999999998,20,19.792397274389746,78.693
1ac2ffac,1790072096572,1010.43505859375,26,0,0,0,0,0.6276010000000003,26,25.731490390075052,24.138500000000015
d1f37ed1,1790072096572,1010.39306640625,26,0,0,0,0,0.5532820000000012,26,25.732559797224646,21.28007692307697
06e9e5b9,1790072096572,1010.407958984375,26,0,0,0,0,0.569018999999999,26,25.732180520563443,21.88534615384612
e0606b55,1790072096572,1010.4248046875,26,0,0,0,0,0.5669620000000002,26,25.731751516176576,21.806230769230776
c7e22c1f,1790072096572,1010.43505859375,26,0,0,0,0,0.49513800000000074,26,25.731490390075052,19.043769230769257
b5e8f409,1790072096572,1010.3720703125,20,0,0,0.0,0,1.0024270000000008,20,19.794688103179812,50.12135000000004
b1269e28,1790072097586,1008.338134765625,20,0,0,0,0,1.7016189999999973,20,19.834616296297014,85.08094999999987
1ac2ffac,1790072097586,1013.300048828125,25,0,0,0,0,0.642377999999999,25,24.671863017190553,25.69511999999996
d1f37ed1,1790072097586,1013.444091796875,25,0,0,0,0,0.5796840000000003,25,24.66835635271606,23.187360000000012
06e9e5b9,1790072097586,1013.447998046875,25,0,0,0,0,0.5643790000000006,25,24.668261270612994,22.575160000000025
e0606b55,1790072097586,1013.508056640625,25,0,0,0,0,0.5775919999999992,25,24.666799475541445,23.10367999999997
c7e22c1f,1790072097586,1013.56787109375,25,0,0,0,0,0.5099309999999999,25,24.665343794907667,20.397239999999996
b5e8f409,1790072097586,1013.64404296875,21,0,0,0.0,0,1.040465000000001,21,20.717331834255564,49.54595238095243
b1269e28,1790072098597,999.989013671875,20,0,0,0,0,1.6090060000000008,20,20.000219728976514,80.45030000000004
1ac2ffac,1790072098597,1010.885009765625,25,0,0,0,0,0.5811720000000005,25,24.730804946644014,23.24688000000002
d1f37ed1,1790072098597,1011.35693359375,25,0,0,0,0,0.5374709999999983,25,24.719264949482415,21.49883999999993
06e9e5b9,1790072098597,1011.431884765625,25,0,0,0,0,0.539555,25,24.717433152498597,21.582200000000004
e0606b55,1790072098597,1011.379150390625,25,0,0,0,0,0.5348249999999997,25,24.71872194551791,21.392999999999986
c7e22c1f,1790072098597,1011.318115234375,25,0,0,0,0,0.4797329999999995,25,24.720213771911126,19.18931999999998
b5e8f409,1790072098597,1011.294921875,20,0,0,0.0,0,0.9383769999999991,20,19.776624570524717,46.918849999999956
b1269e28,1790072099616,999.989990234375,20,0,0,0,0,1.6983180000000004,20,20.000200197316428,84.91590000000002
1ac2ffac,1790072099616,1000.494873046875,25,0,0,0,0,0.6102170000000005,26,24.987634293283083,23.469884615384633
d1f37ed1,1790072099616,1001.4599609375,25,0,0,0,0,0.6044870000000007,25,24.963554186027235,24.179480000000027
06e9e5b9,1790072099616,1003.672119140625,25,0,0,0,0,0.6011169999999986,25,24.908532899574585,24.044679999999943
e0606b55,1790072099616,1004.971923828125,25,0,0,0,0,0.5320830000000001,25,24.876316847509877,21.283320000000003
c7e22c1f,1790072099616,1006.222900390625,26,0,0,0,0,0.5142760000000006,26,25.8392051998683,19.77984615384618
b5e8f409,1790072099616,1007.81494140625,20,0,0,0.0,0,1.018293,20,19.844913166392523,50.914649999999995
b1269e28,1790072100631,1050.617919921875,21,0,0,0,0,1.6296540000000022,21,19.98823701918351,77.60257142857154
1ac2ffac,1790072100631,999.955078125,25,0,0,0,0,0.5821509999999996,25,25.001123097326637,23.286039999999986
d1f37ed1,1790072100631,999.962158203125,25,0,0,0,0,0.6094670000000004,25,25.00094608072327,24.378680000000017
06e9e5b9,1790072100631,999.9990234375,25,0,0,0,0,0.5629000000000008,25,25.00002441408634,22.516000000000034
e0606b55,1790072100631,999.974853515625,25,0,0,0,0,0.567463,25,25.000628677918414,22.698520000000002
c7e22c1f,1790072100631,999.967041015625,24,0,0,0,0,0.48636199999999974,24,24.00079104169693,20.265083333333322
b5e8f409,1790072100631,999.982177734375,20,0,0,0.0,0,0.9126100000000008,20,20.000356451665276,45.63050000000004
b1269e28,1790072101646,1014.636962890625,21,0,0,0,0,1.7736389999999957,21,20.697057931117122,84.4589999999998
1ac2ffac,1790072101646,999.988037109375,25,0,0,0,0,0.5944579999999995,25,25.000299075843436,23.77831999999998
d1f37ed1,1790072101646,999.98681640625,25,0,0,0,0,0.5915590000000002,25,25.000329594188987,23.662360000000007
06e9e5b9,1790072101646,999.969970703125,25,0,0,0,0,0.5777420000000006,25,25.000750754966518,23.109680000000026
e0606b55,1790072101646,1000.0322265625,25,0,0,0,0,0.5721109999999996,25,24.999194361900447,22.884439999999987
c7e22c1f,1790072101646,1000.115966796875,26,0,0,0,0,0.5212120000000002,26,25.996985212896455,20.046615384615393
b5e8f409,1790072101646,1000.014892578125,20,0,0,0.0,0,0.9120220000000003,20,19.999702152873212,45.60110000000002
b1269e28,1790072102662,1014.255126953125,20,0,0,0,0,1.6150240000000053,20,19.71890451279358,80.75120000000027
1ac2ffac,1790072102662,1063.427001953125,27,0,0,0,0,0.6172710000000006,26,25.389612968648446,23.741192307692327
d1f37ed1,1790072102662,1062.06298828125,27,0,0,0,0,0.6305589999999999,27,25.422220996227768,23.35403703703703
06e9e5b9,1790072102662,1059.85986328125,27,0,0,0,0,0.6134309999999985,27,25.47506603034286,22.71966666666661
e0606b55,1790072102662,1058.657958984375,27,0,0,0,0,0.5837410000000016,27,25.50398811142221,21.620037037037097
c7e22c1f,1790072102662,1057.509033203125,26,0,0,0,0,0.5176049999999996,26,24.58607840090757,19.907884615384603
b5e8f409,1790072102662,1056.136962890625,20,0,0,0.0,0,0.8864999999999981,20,18.936937824106085,44.3249999999999
b1269e28,1790072103681,1019.5908203125,20,0,0,0,0,1.7795039999999958,20,19.615712108775252,88.97519999999979
1ac2ffac,1790072103681,1019.5400390625,26,0,0,0,0,0.6102989999999995,26,25.501695866606514,23.473038461538444
d1f37ed1,1790072103681,1019.583984375,25,0,0,0,0,0.5728049999999989,25,24.519804531183254,22.912199999999956
06e9e5b9,1790072103681,1019.501220703125,25,0,0,0,0,0.5486360000000001,25,24.521795062450355,21.945440000000005
e0606b55,1790072103681,1019.392822265625,25,0,0,0,0,0.5423409999999986,25,24.524402618842167,21.693639999999945
c7e22c1f,1790072103681,1019.35205078125,25,0,0,0,0,0.5027549999999987,25,24.525383532450387,20.11019999999995
b5e8f409,1790072103681,1019.2490234375,22,0,0,0.0,0,1.0105900000000005,22,21.584519086222144,45.93590909090912
b1269e28,1790072104695,1015.318115234375,21,0,0,0,0,1.737402000000003,21,20.68317277600467,82.73342857142872
1ac2ffac,1790072104695,1015.279052734375,25,0,0,0,0,0.5588300000000004,25,24.623772087752005,22.353200000000015
d1f37ed1,1790072104695,1015.0771484375,26,0,0,0,0,0.5857650000000003,26,25.613816683807322,22.529423076923088
06e9e5b9,1790072104695,1014.966796875,26,0,0,0,0,0.5637070000000008,26,25.616601528298148,21.681038461538492
e0606b55,1790072104695,1014.918212890625,26,0,0,0,0,0.5621770000000001,26,25.61782779121528,21.622192307692313
c7e22c1f,1790072104695,1014.786865234375,26,0,0,0,0,0.5143650000000015,26,25.621143602400732,19.78326923076929
b5e8f409,1790072104695,1014.714111328125,20,0,0,0.0,0,0.9470019999999977,20,19.709985085180964,47.350099999999884
b1269e28,1790072105707,1011.758056640625,20,0,0,0,0,1.7694720000000004,20,19.767571771463512,88.47360000000002
1ac2ffac,1790072105707,1011.630859375,25,0,0,0,0,0.5276639999999979,25,24.712571555444004,21.106559999999916
d1f37ed1,1790072105707,1011.591064453125,25,0,0,0,0,0.581906,25,24.713543721854858,23.27624
06e9e5b9,1790072105707,1011.60498046875,25,0,0,0,0,0.556673,25,24.71320375312475,22.26692
e0606b55,1790072105707,1011.662841796875,25,0,0,0,0,0.5483970000000014,25,24.711790299222617,21.93588000000005
c7e22c1f,1790072105707,1011.66796875,25,0,0,0,0,0.517593999999999,25,24.711665064269635,20.70375999999996
b5e8f409,1790072105707,1011.6650390625,20,0,0,0.0,0,0.8479110000000034,20,19.769389301555584,42.39555000000017
b1269e28,1790072106720,1012.833984375,20,0,0,0,0,1.616388999999998,20,19.746572793310847,80.8194499999999
1ac2ffac,1790072106720,1013.0361328125,25,0,0,0,0,0.5414260000000013,25,24.678290527103222,21.657040000000052
d1f37ed1,1790072106720,1013.080810546875,25,0,0,0,0,0.5488469999999985,25,24.67720219328274,21.95387999999994
06e9e5b9,1790072106720,1013.123046875,25,0,0,0,0,0.5601489999999991,25,24.67617341952001,22.405959999999965
e0606b55,1790072106720,1013.114013671875,25,0,0,0,0,0.5504459999999973,25,24.676393439067503,22.017839999999893
c7e22c1f,1790072106720,1013.153076171875,25,0,0,0,0,0.4867290000000004,25,24.67544203138649,19.469160000000016
b5e8f409,1790072106720,1013.2578125,20,0,0,0.0,0,0.8687219999999982,20,19.738313145253937,43.43609999999991
b1269e28,1790072107733,1013.15283203125,20,0,0,0,0,1.783335000000001,20,19.740358381965333,89.16675000000005
1ac2ffac,1790072107733,1012.992919921875,26,0,0,0,0,0.6056600000000003,26,25.666516999946253,23.294615384615398
d1f37ed1,1790072107733,1012.95703125,26,0,0,0,0,0.5611280000000001,26,25.667426354616165,21.581846153846154
06e9e5b9,1790072107733,1012.93798828125,26,0,0,0,0,0.5296230000000008,26,25.667908895505754,20.370115384615417
e0606b55,1790072107733,1012.926025390625,26,0,0,0,0,0.5414840000000005,26,25.66821203944617,20.82630769230771
c7e22c1f,1790072107733,1012.906005859375,26,0,0,0,0,0.5298990000000003,26,25.668719357568566,20.380730769230784
b5e8f409,1790072107733,1012.84716796875,18,0,0,0.0,0,0.7818070000000006,18,17.771684188147294,43.43372222222226
b1269e28,1790072108754,1021.419189453125,21,0,0,0,0,1.6987629999999996,21,20.559629402736743,80.89347619047616
1ac2ffac,1790072108754,1021.406982421875,26,0,0,0,0,0.5438599999999987,26,25.455083475492767,20.917692307692256
d1f37ed1,1790072108754,1021.4150390625,25,0,0,0,0,0.5412500000000016,25,24.47584874307912,21.650000000000063
06e9e5b9,1790072108754,1021.378173828125,25,0,0,0,0,0.5376830000000012,25,24.4767321650315,21.50732000000005
e0606b55,1790072108754,1021.35205078125,25,0,0,0,0,0.5459190000000014,25,24.47735820462402,21.836760000000055
c7e22c1f,1790072108754,1021.33203125,25,0,0,0,0,0.46307999999999794,25,24.477837994959096,18.523199999999918
b5e8f409,1790072108754,1021.325927734375,23,0,1,0.21900000000000003,0,0.9554340000000039,23,22.519745534142366,41.54060869565234
b1269e28,1790072109765,1010.808837890625,20,0,0,0,0,1.8623040000000017,20,19.78613487564709,93.11520000000009
1ac2ffac,1790072109765,1010.76904296875,24,0,0,0,0,0.4054060000000028,24,23.744296649122848,16.891916666666784
d1f37ed1,1790072109765,1010.739013671875,25,0,0,0,0,0.5401109999999996,25,24.73437718524237,21.604439999999983
06e9e5b9,1790072109765,1010.73779296875,25,0,0,0,0,0.5383269999999989,25,24.734407057808465,21.533079999999956
e0606b55,1790072109765,1010.72607421875,25,0,0,0,0,0.556204000000001,25,24.734693838114328,22.248160000000045
c7e22c1f,1790072109765,1010.7119140625,25,0,0,0,0,0.5001010000000008,25,24.73504037318992,20.004040000000032
b5e8f409,1790072109765,1010.677001953125,20,0,0,0.0,0,0.8662979999999934,20,19.788715842301908,43.31489999999967
b1269e28,1790072110781,1015.97607421875,20,0,0,0,0,1.7219619999999978,20,19.685502943934285,86.09809999999989
1ac2ffac,1790072110781,1016.1640625,26,0,0,0,0,0.47433899999999696,26,25.586419515795463,18.243807692307577
d1f37ed1,1790072110781,1016.218994140625,26,0,0,0,0,0.5656220000000012,26,25.585036443829846,21.754692307692356
06e9e5b9,1790072110781,1016.24609375,26,0,0,0,0,0.5521729999999998,26,25.584354183403228,21.23742307692307
e0606b55,1790072110781,1016.269775390625,26,0,0,0,0,0.5767929999999986,26,25.58375800363279,22.184346153846096
c7e22c1f,1790072110781,1016.297119140625,26,0,0,0,0,0.5252550000000014,26,25.583069665675577,20.202115384615436
b5e8f409,1790072110781,1016.321044921875,21,0,1,0.20399999999999996,0,0.8136810000000025,21,20.662762131049128,38.746714285714404
b1269e28,1790072111795,1014.052978515625,20,0,0,0,0,1.8329650000000015,20,19.72283541760913,91.64825000000008
1ac2ffac,1790072111795,1013.850830078125,24,0,0,0,0,0.4365400000000008,24,23.672121467958572,18.1891666666667
d1f37ed1,1790072111795,1013.76611328125,25,0,0,0,0,0.545023999999998,25,24.660520481477395,21.800959999999918
06e9e5b9,1790072111795,1013.73193359375,25,0,0,0,0,0.5371009999999998,25,24.66135195265406,21.484039999999997
e0606b55,1790072111795,1013.72607421875,25,0,0,0,0,0.5676349999999992,25,24.661494496199865,22.70539999999997
c7e22c1f,1790072111795,1013.722900390625,25,0,0,0,0,0.5010419999999982,25,24.661571707975202,20.04167999999993
b5e8f409,1790072111795,1013.708984375,20,0,0,0.0,0,0.8099139999999991,20,19.7295282060965,40.49569999999996
b1269e28,1790072112813,1018.4140625,21,0,0,0,0,1.75629,21,20.62029657018802,83.63285714285715
1ac2ffac,1790072112813,1018.463134765625,27,0,0,0,0,0.5915479999999995,27,26.510532466365024,21.90918518518517
d1f37ed1,1790072112813,1018.475830078125,26,0,0,0,0,0.5318010000000015,26,25.528342678495964,20.453884615384673
06e9e5b9,1790072112813,1018.461181640625,25,0,0,0,0,0.5429700000000004,25,24.546836394616285,21.718800000000016
e0606b55,1790072112813,1018.426025390625,25,0,0,0,0,0.5476920000000014,25,24.54768375583397,21.907680000000056
c7e22c1f,1790072112813,1018.388916015625,26,0,0,0,0,0.5147350000000017,26,25.530521386390546,19.797500000000067
b5e8f409,1790072112813,1018.39990234375,20,0,0,0.0,0,0.7883700000000005,20,19.638650744144723,39.41850000000002
b1269e28,1790072113827,1013.23486328125,19,0,0,0,0,1.6264759999999967,19,18.75182219694907,85.60399999999983
1ac2ffac,1790072113827,1013.221923828125,23,0,0,0,0,0.5461869999999998,23,22.699864125622234,23.747260869565206
d1f37ed1,1790072113827,1013.22216796875,25,0,0,0,0,0.5320460000000011,25,24.673759408677935,21.28184000000005
06e9e5b9,1790072113827,1013.2119140625,26,0,0,0,0,0.5630859999999984,26,25.660969476515838,21.657153846153786
e0606b55,1790072113827,1013.22607421875,26,0,0,0,0,0.598866000000001,26,25.660610856315905,23.03330769230773
c7e22c1f,1790072113827,1013.233154296875,25,0,0,0,0,0.5028159999999993,25,24.673491874975753,20.11263999999997
b5e8f409,1790072113827,1013.18408203125,21,0,0,0.0,0,0.8612850000000023,21,20.726736999162892,41.01357142857154
b1269e28,1790072114840,1012.427978515625,22,0,0,0,0,1.6945630000000023,22,21.729940763050998,77.02559090909102
1ac2ffac,1790072114840,1012.51611328125,28,0,0,0,0,0.6100700000000003,28,27.653880894063704,21.7882142857143
d1f37ed1,1790072114840,1012.593017578125,25,0,0,0,0,0.5159099999999981,25,24.689089857437384,20.63639999999992
06e9e5b9,1790072114840,1012.658935546875,25,0,0,0,0,0.5272180000000013,25,24.687482747089998,21.088720000000052
e0606b55,1790072114840,1012.721923828125,25,0,0,0,0,0.5807179999999974,25,24.685947259341546,23.228719999999893
c7e22c1f,1790072114840,1012.77587890625,25,0,0,0,0,0.47188799999999986,25,24.684632129073627,18.875519999999995
b5e8f409,1790072114840,1012.93701171875,20,0,0,0.0,0,0.8358190000000008,20,19.744564339754977,41.79095000000004
b1269e28,1790072115857,1017.905029296875,20,0,0,0,0,1.5694349999999986,20,19.648198431454002,78.47174999999993
1ac2ffac,1790072115857,1017.87890625,25,0,0,0,0,0.5493000000000023,25,24.560878358412292,21.972000000000094
d1f37ed1,1790072115857,1017.85595703125,26,0,0,0,0,0.5546310000000005,26,25.54388940831414,21.33196153846156
06e9e5b9,1790072115857,1017.84912109375,26,0,0,0,0,0.5489689999999996,26,25.5440609626515,21.114192307692292
e0606b55,1790072115857,1017.824951171875,26,0,0,0,0,0.5717239999999997,26,25.54466754825065,21.989384615384605
c7e22c1f,1790072115857,1017.822021484375,26,0,0,0,0,0.5143750000000011,26,25.544741075735445,19.78365384615389
b5e8f409,1790072115857,1017.7119140625,20,0,1,0.2240000000000001,0,0.8086979999999997,20,19.65192676202841,40.434899999999985
b1269e28,1790072116870,1012.298095703125,20,0,0,0,0,1.6575250000000068,20,19.757026200971307,82.87625000000034
1ac2ffac,1790072116870,1012.3359375,25,0,0,0,0,0.6175549999999994,25,24.695359587587493,24.702199999999976
d1f37ed1,1790072116870,1012.430908203125,25,0,0,0,0,0.5467939999999984,25,24.693043048606953,21.87175999999994
06e9e5b9,1790072116870,1012.432861328125,25,0,0,0,0,0.5356880000000004,25,24.692995412263304,21.427520000000012
e0606b55,1790072116870,1012.416015625,25,0,0,0,0,0.5751880000000007,25,24.693406281771058,23.007520000000028
c7e22c1f,1790072116870,1012.4140625,25,0,0,0,0,0.5096379999999989,25,24.693453919699973,20.385519999999957
b5e8f409,1790072116870,1012.416015625,21,0,0,0.0,0,0.8502650000000003,21,20.74246127668769,40.488809523809536
b1269e28,1790072117883,1013.153076171875,20,0,0,0,0,1.5958149999999875,20,19.74035362510919,79.79074999999938
1ac2ffac,1790072117883,1013.087158203125,25,0,0,0,0,0.5728669999999987,26,24.677047574407684,22.033346153846104
d1f37ed1,1790072117883,1012.98291015625,25,0,0,0,0,0.5159289999999999,25,24.679587137500487,20.637159999999994
06e9e5b9,1790072117883,1012.949951171875,25,0,0,0,0,0.5092110000000005,25,24.68039015262074,20.36844000000002
e0606b55,1790072117883,1012.93115234375,25,0,0,0,0,0.5656099999999995,25,24.680848192055564,22.624399999999977
c7e22c1f,1790072117883,1012.89697265625,26,0,0,0,0,0.4914810000000003,26,25.668948275970116,18.903115384615397
b5e8f409,1790072117883,1012.8720703125,20,0,0,0.0,0,0.7465410000000006,20,19.745830284203045,37.32705000000003
b1269e28,1790072118894,1010.8369140625,20,0,0,0,0,1.7049360000000036,20,19.785585312294405,85.24680000000018
1ac2ffac,1790072118894,1010.9169921875,26,0,0,0,0,0.5744930000000004,25,25.719223438651674,22.979720000000015
d1f37ed1,1790072118894,1011.049072265625,25,0,0,0,0,0.574580000000001,26,24.72679188951567,22.099230769230807
06e9e5b9,1790072118894,1011.13916015625,26,0,0,0,0,0.590088999999999,26,25.71357239885977,22.69573076923073
e0606b55,1790072118894,1011.183837890625,26,0,0,0,0,0.6035430000000019,26,25.712436280861816,23.21319230769238
c7e22c1f,1790072118894,1011.22509765625,25,0,0,0,0,0.5391329999999996,25,24.72248766169207,21.565319999999982
b5e8f409,1790072118894,1011.2890625,20,0,0,0.0,0,0.8120130000000003,20,19.77673915562594,40.600650000000016
b1269e28,1790072119913,1015.738037109375,21,0,0,0,0,1.745390999999998,21,20.674622031249886,83.11385714285704
1ac2ffac,1790072119913,1015.6728515625,25,0,0,0,0,0.5664270000000009,25,24.614224906711126,22.657080000000036
d1f37ed1,1790072119913,1015.575927734375,26,0,0,0,0,0.5235070000000022,25,25.601236982844604,20.940280000000083
06e9e5b9,1790072119913,1018.912841796875,25,0,0,0,0,0.5125789999999988,25,24.53595535797935,20.50315999999995
e0606b55,1790072119913,1019.006103515625,25,0,0,0,0,0.5680869999999985,25,24.533709772442656,22.723479999999935
c7e22c1f,1790072119913,1019.04296875,25,0,0,0,0,0.4883230000000012,25,24.53282223287015,19.532920000000047
b5e8f409,1790072119913,1018.995849609375,20,0,0,0.0,0,0.7985359999999986,21,19.62716531933556,38.02552380952374
b1269e28,1790072120928,1018.5048828125,20,0,0,0,0,1.6462450000000075,20,19.63662652727986,82.31225000000038
1ac2ffac,1790072120928,1018.4580078125,26,0,0,0,0,0.6287219999999998,26,25.528789405705815,24.181615384615377
d1f37ed1,1790072120928,1018.418212890625,26,0,0,0,0,0.5615029999999983,26,25.529786948922446,21.596269230769167
06e9e5b9,1790072120928,1015.009033203125,26,0,0,0,0,0.581113000000002,26,25.615535576023632,22.350500000000075
e0606b55,1790072120928,1014.885009765625,26,0,0,0,0,0.5960929999999998,26,25.618665907780404,22.926653846153837
c7e22c1f,1790072120928,1014.8310546875,26,0,0,0,0,0.5041539999999998,26,25.62002796416814,19.39053846153845
b5e8f409,1790072120928,1014.828125,21,0,0,0.0,0,0.7349589999999964,20,20.693159248025374,36.74794999999982
b1269e28,1790072121942,1013.508056640625,20,0,0,0,0,1.6994749999999925,21,19.733439580433156,80.9273809523806
1ac2ffac,1790072121942,1013.530029296875,25,0,0,0,0,0.5660539999999976,25,24.66626471575141,22.642159999999905
d1f37ed1,1790072121942,1013.532958984375,25,0,0,0,0,0.5435170000000014,25,24.66619341619793,21.740680000000058
06e9e5b9,1790072121942,1013.576171875,25,0,0,0,0,0.5154490000000003,25,24.665141795660862,20.61796000000001
e0606b55,1790072121942,1013.675048828125,25,0,0,0,0,0.5266009999999994,25,24.662735882570693,21.064039999999977
c7e22c1f,1790072121942,1013.743896484375,25,0,0,0,0,0.47725699999999804,25,24.661060931364464,19.09027999999992
b5e8f409,1790072121942,1013.77783203125,20,0,0,0.0,0,0.7330889999999997,20,19.728188334841686,36.65444999999998
b1269e28,1790072122956,1014.3330078125,21,0,0,0,0,1.688085000000001,20,20.703260012496667,84.40425000000005
1ac2ffac,1790072122956,1014.408935546875,25,0,0,0,0,0.5585149999999999,25,24.644893320584092,22.340599999999995
d1f37ed1,1790072122956,1014.43505859375,25,0,0,0,0,0.5538469999999975,25,24.644258681926853,22.153879999999898
06e9e5b9,1790072122956,1014.423828125,25,0,0,0,0,0.556362,25,24.644531513231996,22.254480000000004
e0606b55,1790072122956,1014.61279296875,25,0,0,0,0,0.5398350000000001,25,24.639941634138253,21.593400000000003
c7e22c1f,1790072122956,1014.75390625,25,0,0,0,0,0.5282410000000013,25,24.63651516492992,21.129640000000055
b5e8f409,1790072122956,1014.81201171875,20,0,0,0.0,0,0.7521330000000006,21,19.708083634255306,35.81585714285717
b1269e28,1790072123969,1013.260986328125,20,0,0,0,0,1.5483290000000096,20,19.738251319116106,77.41645000000048
1ac2ffac,1790072123969,1013.217041015625,26,0,0,0,0,0.5781910000000003,26,25.660839630113415,22.238115384615398
d1f37ed1,1790072123969,1013.208984375,25,0,0,0,0,0.5913380000000004,25,24.674080456778913,23.653520000000018
06e9e5b9,1790072123969,1013.205078125,25,0,0,0,0,0.5446179999999998,25,24.674175583746656,21.784719999999993
e0606b55,1790072123969,1012.97509765625,25,0,0,0,0,0.5326529999999998,25,24.679777477100107,21.306119999999993
c7e22c1f,1790072123969,1012.836181640625,25,0,0,0,0,0.5024489999999986,25,24.68316244341132,20.097959999999944
b5e8f409,1790072123969,1012.80517578125,21,0,0,0.0,0,0.7571330000000032,20,20.734491195506756,37.85665000000016
b1269e28,1790072124986,1016.570068359375,20,0,0,0,0,1.7045189999999906,20,19.674000467353576,85.22594999999953
1ac2ffac,1790072124986,1016.7080078125,25,0,0,0,0,0.562386,25,24.589164054868416,22.495440000000002
d1f37ed1,1790072124986,1016.69580078125,26,0,0,0,0,0.592257,26,25.573037657892424,22.779115384615388
06e9e5b9,1790072124986,1016.678955078125,26,0,0,0,0,0.6214639999999996,26,25.573461386344988,23.902461538461523
e0606b55,1790072124986,1016.64794921875,26,0,0,0,0,0.608473,26,25.574241329045986,23.402807692307697
c7e22c1f,1790072124986,1016.64697265625,26,0,0,0,0,0.5661210000000025,26,25.574265894943213,21.773884615384716
b5e8f409,1790072124986,1016.635009765625,20,0,0,0.0,0,0.7522680000000008,20,19.67274371616496,37.61340000000004
b1269e28,1790072125997,1010.97998046875,21,0,0,0,0,1.7377380000000073,21,20.77192467279437,82.74942857142892
1ac2ffac,1790072125997,1010.873046875,25,0,0,0,0,0.6109190000000027,25,24.731097616347256,24.436760000000103
d1f37ed1,1790072125997,1010.923095703125,25,0,0,0,0,0.5623760000000004,25,24.729873228004358,22.495040000000017
06e9e5b9,1790072125997,1010.97412109375,25,0,0,0,0,0.5599659999999993,25,24.728625073956458,22.398639999999972
e0606b55,1790072125997,1011.001953125,25,0,0,0,0,0.5638129999999997,25,24.727944315760393,22.552519999999987
c7e22c1f,1790072125997,1010.98193359375,25,0,0,0,0,0.5192809999999994,25,24.728433980152534,20.77123999999998
b5e8f409,1790072125997,1010.989013671875,20,0,1,0.22999999999999998,0,0.7276209999999992,20,19.782608643155015,36.38104999999996
b1269e28,1790072127015,1018.2138671875,20,0,0,0,0,1.7606839999999977,20,19.642238869957446,88.03419999999988
1ac2ffac,1790072127015,1018.283935546875,26,0,0,0,0,0.6270579999999981,26,25.53315346768832,24.117615384615313
d1f37ed1,1790072127015,1018.27001953125,26,0,0,0,0,0.5857220000000005,26,25.533502412227385,22.527769230769252
06e9e5b9,1790072127015,1018.22802734375,26,0,0,0,0,0.595718999999999,26,25.534555425493604,22.912269230769194
e0606b55,1790072127015,1018.214111328125,26,0,0,0,0,0.6061350000000019,26,25.534904408353224,23.312884615384686
c7e22c1f,1790072127015,1018.235107421875,26,0,0,0,0,0.5440389999999979,26,25.534377876471787,20.924576923076845
b5e8f409,1790072127015,1018.21484375,21,0,0,0.0,0,0.6984409999999954,21,20.624331032789463,33.25909523809502
b1269e28,1790072128028,1013.878173828125,20,0,0,0,0,1.6452939999999927,20,19.726235869626727,82.26469999999964
1ac2ffac,1790072128028,1013.754150390625,25,0,0,0,0,0.5650270000000006,25,24.66081149001153,22.601080000000024
d1f37ed1,1790072128028,1013.652099609375,25,0,0,0,0,0.5322630000000004,25,24.66329425020093,21.290520000000015
06e9e5b9,1790072128028,1013.583984375,25,0,0,0,0,0.5521860000000025,25,24.664951681745045,22.0874400000001
e0606b55,1790072128028,1013.508056640625,25,0,0,0,0,0.556477000000001,25,24.666799475541445,22.25908000000004
c7e22c1f,1790072128028,1013.40380859375,25,0,0,0,0,0.4963470000000001,25,24.66933692966011,19.853880000000004
b5e8f409,1790072128028,1013.346923828125,20,0,0,0.0,0,0.7157880000000034,20,19.736577404750896,35.78940000000017
b1269e28,1790072129045,1013.244873046875,21,0,0,0,0,1.7779040000000066,21,20.725493470153975,84.66209523809555
1ac2ffac,1790072129045,1013.23291015625,26,0,0,0,0,0.6071899999999992,26,25.66043773291035,23.35346153846151
d1f37ed1,1790072129045,1013.294921875,25,0,0,0,0,0.5598589999999994,25,24.671987849045983,22.394359999999978
06e9e5b9,1790072129045,1013.35302734375,25,0,0,0,0,0.5733449999999998,25,24.67057316198207,22.93379999999999
e0606b55,1790072129045,1013.406005859375,25,0,0,0,0,0.5789650000000002,25,24.66928344163486,23.158600000000007
c7e22c1f,1790072129045,1013.608154296875,25,0,0,0,0,0.4999299999999991,25,24.66436353537638,19.997199999999964
b5e8f409,1790072129045,1016.498046875,20,0,0,0.0,0,0.7454820000000026,20,19.6753944205654,37.27410000000013
b1269e28,1790072130061,1017.73095703125,20,0,0,0,0,1.6365569999999963,20,19.651559050871917,81.82784999999981
1ac2ffac,1790072130061,1017.72900390625,25,0,0,0,0,0.5245719999999992,25,24.564495955254234,20.98287999999997
d1f37ed1,1790072130061,1017.724853515625,26,0,0,0,0,0.5796579999999985,26,25.5471799771674,22.2945384615384
06e9e5b9,1790072130061,1017.723876953125,26,0,0,0,0,0.557547999999997,26,25.54720449110336,21.444153846153732
e0606b55,1790072130061,1017.766845703125,26,0,0,0,0,0.5893429999999995,26,25.546125922423695,22.667038461538443
c7e22c1f,1790072130061,1018.4189453125,26,0,0,0,0,0.5489530000000009,26,25.529768588527137,21.113576923076955
b5e8f409,1790072130061,1015.8349609375,20,0,0,0.0,0,0.7304549999999992,20,19.688237527818767,36.52274999999996
b1269e28,1790072131074,1014.3681640625,20,0,0,0,0,1.696760999999995,20,19.71670711736543,84.83804999999975
1ac2ffac,1790072131074,1014.3330078125,25,0,0,0,0,0.5111000000000026,25,24.64673811011508,20.444000000000102
d1f37ed1,1790072131074,1014.315185546875,25,0,0,0,0,0.5430290000000007,25,24.64717117147475,21.721160000000026
06e9e5b9,1790072131074,1014.402099609375,25,0,0,0,0,0.5424620000000004,25,24.645059399647316,21.698480000000018
e0606b55,1790072131074,1014.377197265625,25,0,0,0,0,0.5693359999999998,25,24.64566442087863,22.77343999999999
c7e22c1f,1790072131074,1013.580078125,25,0,0,0,0,0.5450459999999993,25,24.665046738336613,21.80183999999997
b5e8f409,1790072131074,1013.294189453125,21,0,0,0.0,0,0.7351229999999944,21,20.7244847731079,35.005857142856875
b1269e28,1790072134612,3507.02587890625,70,0,0,0,0,5.708495000000013,70,19.959932551689974,81.54992857142877
1ac2ffac,1790072134612,3523.346923828125,88,0,0,0,0,1.9814949999999953,89,24.97625181467733,22.263988764044893
d1f37ed1,1790072134612,3524.888916015625,88,0,0,0,0,1.8983119999999971,88,24.965325744072302,21.57172727272724
06e9e5b9,1790072134612,3527.212890625,88,0,0,0,0,1.8806860000000007,88,24.94887684094593,21.37143181818183
e0606b55,1790072134612,3528.448974609375,88,0,0,0,0,2.005032,88,24.940136766393863,22.784454545454544
c7e22c1f,1790072134612,3529.662841796875,88,0,0,0,0,1.8261980000000015,88,24.931559739343577,20.752250000000018
b5e8f409,1790072134612,3531.251953125,70,0,0,0.0,0,2.4282730000000043,70,19.82299788551002,34.68961428571435
b1269e28,1790072135638,1057.85595703125,21,0,0,0,0,1.8106309999999866,21,19.85147397471208,86.22052380952317
1ac2ffac,1790072135638,999.985107421875,25,0,0,0,0,0.5907900000000055,25,25.00037231999793,23.631600000000216
d1f37ed1,1790072135638,999.97802734375,25,0,0,0,0,0.5513360000000063,25,25.000549328476456,22.05344000000025
06e9e5b9,1790072135638,999.968994140625,25,0,0,0,0,0.5375599999999991,25,25.0007751705192,21.502399999999966
e0606b55,1790072135638,999.98583984375,25,0,0,0,0,0.5517109999999974,25,25.00035400891907,22.068439999999896
c7e22c1f,1790072135638,999.986083984375,26,0,0,0,0,0.5248880000000007,26,26.000361821441363,20.188000000000027
b5e8f409,1790072135638,1000.005859375,20,0,0,0.0,0,0.6916000000000011,20,19.99988281318664,34.580000000000055
b1269e28,1790072136650,1011.423095703125,21,0,0,0,0,1.7106670000000008,21,20.76282427128198,81.46033333333337
1ac2ffac,1790072136650,1053.04296875,27,0,0,0,0,0.6653719999999979,26,25.63997937524807,25.591230769230684
d1f37ed1,1790072136650,1051.596923828125,27,0,0,0,0,0.5716350000000006,27,25.675236764398267,21.171666666666688
06e9e5b9,1790072136650,1000.01611328125,25,0,0,0,0,0.5330480000000009,25,24.99959717445959,21.321920000000038
e0606b55,1790072136650,1000.01318359375,25,0,0,0,0,0.5599120000000042,25,24.99967041450137,22.396480000000164
c7e22c1f,1790072136650,999.991943359375,24,0,0,0,0,0.498231999999998,24,24.00019336093284,20.759666666666586
b5e8f409,1790072136650,999.998046875,20,0,0,0.0,0,0.7286059999999992,20,20.000039062576295,36.43029999999996
b1269e28,1790072137665,1014.215087890625,20,0,0,0,0,1.6937220000000082,20,19.71968297335845,84.68610000000041
1ac2ffac,1790072137665,1014.208984375,25,0,0,0,0,0.6181819999999973,25,24.649752058158008,24.72727999999989
d1f37ed1,1790072137665,1014.16015625,25,0,0,0,0,0.5408379999999937,25,24.650938854116514,21.63351999999975
06e9e5b9,1790072137665,1063.364990234375,27,0,0,0,0,0.5581590000000034,27,25.391093601876964,20.672555555555682
e0606b55,1790072137665,1062.10595703125,27,0,0,0,0,0.5999099999999942,27,25.4211925102738,22.218888888888674
c7e22c1f,1790072137665,1060.951171875,27,0,0,0,0,0.5540090000000006,27,25.448862036019417,20.518851851851878
b5e8f409,1790072137665,1059.39404296875,20,0,0,0.0,0,0.7098159999999964,20,18.878716689735022,35.49079999999982
b1269e28,1790072138679,1014.505859375,20,0,0,0,0,1.665701999999996,20,19.714031038047693,83.2850999999998
1ac2ffac,1790072138679,1014.6279296875,26,0,0,0,0,0.6169410000000042,26,25.625157005098274,23.72850000000016
d1f37ed1,1790072138679,1014.595947265625,25,0,0,0,0,0.522705000000002,25,24.640350739992563,20.90820000000008
06e9e5b9,1790072138679,1014.56982421875,25,0,0,0,0,0.5027219999999986,25,24.64098517738862,20.108879999999942
e0606b55,1790072138679,1014.52587890625,25,0,0,0,0,0.5510860000000051,25,24.642052528962836,22.0434400000002
c7e22c1f,1790072138679,1014.415771484375,25,0,0,0,0,0.4932459999999992,25,24.644727243759217,19.729839999999967
b5e8f409,1790072138679,1014.320068359375,22,0,0,0.0,0,0.7425130000000024,22,21.68940622025174,33.75059090909102
b1269e28,1790072139692,1012.906005859375,21,0,0,0,0,1.7953040000000016,21,20.732427173420767,85.49066666666674
1ac2ffac,1790072139692,1012.77197265625,25,0,0,0,0,0.5987049999999954,25,24.684727337419492,23.948199999999815
d1f37ed1,1790072139692,1012.79296875,26,0,0,0,0,0.5595970000000037,26,25.671584225243468,21.52296153846168
06e9e5b9,1790072139692,1012.77001953125,25,0,0,0,0,0.5528569999999959,26,24.684774941867836,21.263730769230612
e0606b55,1790072139692,1012.774169921875,26,0,0,0,0,0.586863000000001,26,25.672060733939954,22.571653846153882
c7e22c1f,1790072139692,1012.819091796875,26,0,0,0,0,0.5464340000000014,26,25.670922093177136,21.016692307692363
b5e8f409,1790072139692,1012.864990234375,20,0,0,0.0,0,0.7099520000000012,20,19.745968310516922,35.49760000000006
b1269e28,1790072140707,1015.14111328125,20,0,0,0,0,1.6184980000000024,20,19.7016944130593,80.92490000000012
1ac2ffac,1790072140707,1015.14697265625,25,0,0,0,0,0.5786180000000058,25,24.626975869892608,23.144720000000234
d1f37ed1,1790072140707,1015.238037109375,25,0,0,0,0,0.5245279999999966,25,24.62476688834568,20.981119999999866
06e9e5b9,1790072140707,1015.291015625,26,0,0,0,0,0.5217870000000033,25,25.60842123082783,20.871480000000133
e0606b55,1790072140707,1015.3369140625,25,0,0,0,0,0.5629419999999996,25,24.62236884500892,22.51767999999998
c7e22c1f,1790072140707,1015.37890625,25,0,0,0,0,0.5162840000000024,25,24.621350558019827,20.651360000000096
b5e8f409,1790072140707,1015.44384765625,20,0,0,0.0,0,0.723945999999998,21,19.695820744950183,34.47361904761895
b1269e28,1790072141723,1015.56787109375,20,0,0,0,0,1.7733609999999942,20,19.693415446926583,88.66804999999971
1ac2ffac,1790072141723,1015.550048828125,25,0,0,0,0,0.6195169999999948,26,24.617201317501074,23.827576923076723
d1f37ed1,1790072141723,1015.495849609375,26,0,0,0,0,0.5557190000000034,26,25.60325579863401,21.373807692307825
06e9e5b9,1790072141723,1015.506103515625,26,0,0,0,0,0.5701210000000003,26,25.602997273959716,21.92773076923078
e0606b55,1790072141723,1015.575927734375,25,0,0,0,0,0.5499960000000002,25,24.616574021965967,21.999840000000003
c7e22c1f,1790072141723,1015.60009765625,25,0,0,0,0,0.5543009999999953,26,24.615988180479427,21.31926923076905
b5e8f409,1790072141723,1015.7490234375,21,0,0,0.0,0,0.7858090000000004,20,20.674398414808962,39.29045000000002
b1269e28,1790072142745,1018.651123046875,21,0,0,0,0,1.7771589999999975,21,20.615497813605856,84.62661904761892
1ac2ffac,1790072142745,1018.64111328125,26,0,0,0,0,0.5606010000000055,25,25.524200487302853,22.42404000000022
d1f37ed1,1790072142745,1018.593017578125,25,0,0,0,0,0.5284769999999952,25,24.543659310999082,21.139079999999808
06e9e5b9,1790072142745,1018.552978515625,25,0,0,0,0,0.5484359999999953,25,24.544624116099907,21.93743999999981
e0606b55,1790072142745,1018.4521484375,26,0,0,0,0,0.5940609999999964,26,25.52893627834058,22.848499999999863
c7e22c1f,1790072142745,1018.376953125,26,0,0,0,0,0.5158670000000001,25,25.530821293840344,20.634680000000003
b5e8f409,1790072142745,1018.156005859375,17,0,0,0.0,0,0.7049570000000003,18,16.696851859800347,39.1642777777778
b1269e28,1790072143758,1017.158935546875,20,0,0,0,0,1.7604079999999982,20,19.662610533177894,88.02039999999991
1ac2ffac,1790072143758,1017.116943359375,25,0,0,0,0,0.5714949999999988,25,24.579277892499743,22.85979999999995
d1f37ed1,1790072143758,1017.10400390625,25,0,0,0,0,0.5623760000000004,25,24.57959058659289,22.495040000000017
06e9e5b9,1790072143758,1017.080078125,25,0,0,0,0,0.5396169999999998,25,24.58016879662791,21.584679999999988
e0606b55,1790072143758,1017.056884765625,25,0,0,0,0,0.568049000000002,25,24.58072933232354,22.72196000000008
c7e22c1f,1790072143758,1017.0390625,25,0,0,0,0,0.52393,25,24.58116007712339,20.957200000000004
b5e8f409,1790072143758,1017.091064453125,23,0,0,0.0,0,0.8757990000000007,22,22.613511025550856,39.80904545454548
b1269e28,1790072144770,1011.60400390625,20,0,0,0,0,1.5882390000000015,20,19.770582088219466,79.41195000000008
1ac2ffac,1790072144770,1011.77490234375,26,0,0,0,0,0.6290410000000008,26,25.69741544267572,24.193884615384647
d1f37ed1,1790072144770,1011.816162109375,26,0,0,0,0,0.5898910000000015,26,25.696367555343972,22.68811538461544
06e9e5b9,1790072144770,1011.86181640625,26,0,0,0,0,0.5816830000000053,26,25.6952081583058,22.372423076923276
e0606b55,1790072144770,1011.902099609375,26,0,0,0,0,0.5595759999999999,26,25.694185247798963,21.522153846153838
c7e22c1f,1790072144770,1011.9990234375,26,0,0,0,0,0.5264250000000033,26,25.69172439681285,20.24711538461551
b5e8f409,1790072144770,1011.969970703125,21,0,0,0.0,0,0.8112780000000015,21,20.751603909164448,38.632285714285786
b1269e28,1790072145783,1012.85595703125,20,0,0,0,0,1.6978289999999987,20,19.746144415856886,84.89144999999994
1ac2ffac,1790072145783,1012.797119140625,24,0,0,0,0,0.5666249999999948,24,23.69674986868485,23.609374999999783
d1f37ed1,1790072145783,1012.805908203125,25,0,0,0,0,0.5673359999999974,25,24.683900239438653,22.693439999999896
06e9e5b9,1790072145783,1012.836181640625,25,0,0,0,0,0.5353309999999993,25,24.68316244341132,21.413239999999973
e0606b55,1790072145783,1012.870849609375,25,0,0,0,0,0.5634569999999997,25,24.682317602132127,22.538279999999986
c7e22c1f,1790072145783,1012.81396484375,25,0,0,0,0,0.535381000000001,25,24.68370388618884,21.41524000000004
b5e8f409,1790072145783,1012.797119140625,20,0,0,0.0,0,0.716707999999997,20,19.747291557237375,35.83539999999985
b1269e28,1790072146795,1012.636962890625,21,0,0,0,0,1.7332450000000108,21,20.737935478924655,82.5354761904767
1ac2ffac,1790072146795,1012.60595703125,26,0,0,0,0,0.4774620000000027,26,25.676325345968326,18.363923076923182
d1f37ed1,1790072146795,1012.5830078125,25,0,0,0,0,0.5733180000000004,25,24.689333918419113,22.932720000000018
06e9e5b9,1790072146795,1012.52685546875,25,0,0,0,0,0.5837689999999967,25,24.69070313046288,23.350759999999863
e0606b55,1790072146795,1012.469970703125,25,0,0,0,0,0.5457770000000011,25,24.692090356653615,21.831080000000043
c7e22c1f,1790072146795,1012.44189453125,25,0,0,0,0,0.5148399999999995,25,24.692775096564667,20.593599999999977
b5e8f409,1790072146795,1012.433837890625,20,0,0,0.0,0,0.742129999999996,20,19.75437727532832,37.1064999999998
b1269e28,1790072147812,1013.39599609375,19,0,0,0,0,1.7855569999999972,20,18.74884060449978,89.27784999999986
1ac2ffac,1790072147812,1015.924072265625,24,0,0,0,0,0.45269299999999646,24,23.623812699385397,18.862208333333186
d1f37ed1,1790072147812,1015.93603515625,25,0,0,0,0,0.5561330000000027,25,24.607848461793193,22.245320000000106
06e9e5b9,1790072147812,1015.89794921875,25,0,0,0,0,0.5814140000000023,25,24.608771008176166,23.25656000000009
e0606b55,1790072147812,1015.8740234375,25,0,0,0,0,0.5845559999999992,25,24.609350591922173,23.382239999999964
c7e22c1f,1790072147812,1015.84423828125,26,0,0,0,0,0.5361539999999962,26,25.594475038801722,20.621307692307546
b5e8f409,1790072147812,1016.26611328125,20,0,0,0.0,0,0.747556000000003,20,19.679884765049756,37.37780000000015
b1269e28,1790072148825,1016.067138671875,21,0,0,0,0,1.7516919999999914,20,20.667925573746622,87.58459999999957
1ac2ffac,1790072148825,1013.52587890625,27,0,0,0,0,0.4793340000000015,27,26.639674982090387,17.753111111111167
d1f37ed1,1790072148825,1013.487060546875,26,0,0,0,0,0.597372,26,25.65400290949,22.975846153846156
06e9e5b9,1790072148825,1013.526123046875,26,0,0,0,0,0.5961679999999987,26,25.65301417376246,22.929538461538414
e0606b55,1790072148825,1013.55517578125,26,0,0,0,0,0.6029959999999974,26,25.652278850985255,23.192153846153744
c7e22c1f,1790072148825,1013.5927734375,25,0,0,0,0,0.5243949999999984,25,24.664737807092845,20.975799999999936
b5e8f409,1790072148825,1013.138916015625,21,0,0,0.0,0,0.8144410000000022,21,20.727661002882776,38.78290476190487
b1269e28,1790072149839,1013.755859375,19,0,0,0,0,1.6969070000000102,19,18.742185136876905,89.31089473684264
1ac2ffac,1790072149839,1013.7099609375,23,0,0,0,0,0.4485310000000027,23,22.688935579491716,19.501347826087073
d1f37ed1,1790072149839,1013.726806640625,24,0,0,0,0,0.5284770000000023,24,23.675017611039863,22.0198750000001
06e9e5b9,1790072149839,1013.703857421875,24,0,0,0,0,0.5256150000000019,24,23.675553589229242,21.90062500000008
e0606b55,1790072149839,1013.68896484375,24,0,0,0,0,0.5232930000000025,24,23.675901417847,21.8038750000001
c7e22c1f,1790072149839,1013.68310546875,24,0,0,0,0,0.5256250000000051,24,23.676038271252292,21.90104166666688
b5e8f409,1790072149839,1013.713134765625,19,0,0,0.0,0,0.7044870000000003,19,18.74297505713279,37.07826315789475
b1269e28,1790072150854,1014.864990234375,22,0,0,0,0,1.709707999999992,22,21.677760304766522,77.71399999999963
1ac2ffac,1790072150854,1014.920166015625,28,0,1,0.202,0,0.6545300000000012,28,27.58837683748313,23.376071428571468
d1f37ed1,1790072150854,1014.93212890625,27,0,0,0,0,0.5336719999999957,27,26.60276409723749,19.76562962962947
06e9e5b9,1790072150854,1015.26513671875,27,0,0,0,0,0.5353659999999962,27,26.59403836840265,19.82837037037023
e0606b55,1790072150854,1015.31787109375,27,0,0,0,0,0.49341400000000135,27,26.592657106403813,18.274592592592644
c7e22c1f,1790072150854,1015.31005859375,27,0,0,0,0,0.5660529999999966,27,26.592861728757235,20.9649259259258
b5e8f409,1790072150854,1015.286865234375,21,0,1,0.22499999999999987,0,0.6868120000000033,21,20.68380939327156,32.70533333333349
b1269e28,1790072151867,1013.628173828125,20,0,0,0,0,1.6868780000000072,20,19.731101124060984,84.34390000000036
1ac2ffac,1790072151867,1013.544921875,25,0,0,0.0,0,0.5994320000000002,25,24.665902280632448,23.97728000000001
d1f37ed1,1790072151867,1013.489990234375,25,0,0,0,0,0.5772060000000039,25,24.66723918429487,23.088240000000155
06e9e5b9,1790072151867,1013.1298828125,25,0,0,0,0,0.5565300000000022,25,24.676006920848817,22.26120000000009
e0606b55,1790072151867,1013.05810546875,25,0,0,0,0,0.5230239999999995,25,24.677755268965843,20.920959999999976
c7e22c1f,1790072151867,1013.029052734375,25,0,0,0,0,0.5473259999999982,25,24.67846300411605,21.893039999999928
b5e8f409,1790072151867,1013.045166015625,21,0,0,0.0,0,0.787863999999999,21,20.72957919792897,37.51733333333328
b1269e28,1790072152878,1011.058837890625,20,0,0,0,0,1.7601159999999965,20,19.78124244650891,88.00579999999982
1ac2ffac,1790072152878,1011.205078125,25,0,0,0.0,0,0.6507979999999947,26,24.722977109999864,25.030692307692103
d1f37ed1,1790072152878,1011.284912109375,25,0,0,0,0,0.6045689999999979,25,24.721025401095016,24.182759999999917
06e9e5b9,1790072152878,1011.320068359375,25,0,0,0,0,0.5774759999999972,25,24.72016603067763,23.099039999999885
e0606b55,1790072152878,1011.342041015625,25,0,0,0,0,0.5504099999999994,25,24.719628954506952,22.016399999999976
c7e22c1f,1790072152878,1011.3759765625,25,0,0,0,0,0.5407280000000014,26,24.718799516052254,20.797230769230826
b5e8f409,1790072152878,1011.39599609375,20,0,0,0.0,0,0.7829199999999901,20,19.774648186511236,39.1459999999995
b1269e28,1790072153891,1012.551025390625,20,0,0,0,0,1.6631210000000038,20,19.752091004287255,83.15605000000019
1ac2ffac,1790072153891,1012.574951171875,26,0,0,0.0,0,0.613381000000004,25,25.677111575700778,24.535240000000158
d1f37ed1,1790072153891,1012.510986328125,25,0,0,0,0,0.5682770000000019,25,24.691090109217082,22.731080000000073
06e9e5b9,1790072153891,1012.52294921875,25,0,0,0,0,0.5618860000000012,25,24.690798385646158,22.47544000000005
e0606b55,1790072153891,1012.531982421875,25,0,0,0,0,0.48512199999999694,25,24.6905781091502,19.404879999999878
c7e22c1f,1790072153891,1012.538818359375,26,0,0,0,0,0.5247460000000004,25,25.67802787267753,20.98984000000001
b5e8f409,1790072153891,1012.544921875,20,0,0,0.0,0,0.7494620000000083,20,19.752210067840355,37.473100000000414
b1269e28,1790072154904,1012.109130859375,21,0,0,0,0,1.851928000000001,21,20.748750663052554,88.18704761904766
1ac2ffac,1790072154904,1012.136962890625,25,0,0,0.0,0,0.6536879999999954,25,24.700214414263602,26.147519999999812
d1f37ed1,1790072154904,1012.171142578125,26,0,0,0,0,0.5907449999999983,26,25.687355533348626,22.720961538461474
06e9e5b9,1790072154904,1012.18310546875,26,0,0,0,0,0.6151389999999992,26,25.687051937069423,23.659192307692276
e0606b55,1790072154904,1012.31494140625,26,0,0,0,0,0.5866760000000042,26,25.683706657418576,22.564461538461703
c7e22c1f,1790072154904,1012.47119140625,25,0,0,0,0,0.5271359999999987,25,24.692060586214595,21.08543999999995
b5e8f409,1790072154904,1012.4970703125,20,0,0,0.0,0,0.7968089999999961,20,19.75314357583982,39.840449999999805
b1269e28,1790072155919,1016.615966796875,20,0,0,0,0,1.654184999999984,20,19.67311222055211,82.7092499999992
1ac2ffac,1790072155919,1016.56494140625,25,0,0,0.0,0,0.6221870000000038,25,24.592624614239227,24.88748000000015
d1f37ed1,1790072155919,1016.554931640625,25,0,0,0,0,0.5663059999999973,25,24.592866771746735,22.652239999999892
06e9e5b9,1790072155919,1016.5,25,0,0,0,0,0.560727,25,24.59419576979833,22.42908
e0606b55,1790072155919,1016.33203125,25,0,0,0,0,0.5254759999999976,25,24.598260441769384,21.019039999999904
c7e22c1f,1790072155919,1016.1328125,25,0,0,0,0,0.5117820000000037,25,24.603083073847692,20.47128000000015
b5e8f409,1790072155919,1016.0458984375,21,0,0,0.0,0,0.7528230000000065,21,20.668357632558045,35.84871428571459
b1269e28,1790072156934,1014.95703125,20,0,0,0,0,1.71234800000002,20,19.705267695291905,85.617400000001
1ac2ffac,1790072156934,1014.902099609375,26,0,0,0.0,0,0.7203739999999996,26,25.6182345174053,27.70669230769229
d1f37ed1,1790072156934,1014.8779296875,26,0,0,0,0,0.6034429999999986,26,25.618844630906388,23.209346153846102
06e9e5b9,1790072156934,1014.90185546875,26,0,0,0,0,0.5918070000000029,26,25.61824068002265,22.7618076923078
e0606b55,1790072156934,1014.927001953125,26,0,0,0,0,0.5374229999999969,26,25.61760594600953,20.67011538461526
c7e22c1f,1790072156934,1014.9560546875,26,0,0,0,0,0.5891200000000012,26,25.616872651698475,22.658461538461587
b5e8f409,1790072156934,1014.985107421875,20,0,0,0.0,0,0.8111710000000016,20,19.704722614897513,40.55855000000008
b1269e28,1790072157949,1013.989990234375,21,0,0,0,0,1.7551559999999995,21,20.710263614284823,83.57885714285712
1ac2ffac,1790072157949,1014.06005859375,25,0,0,0.0,0,0.6171140000000008,25,24.65337214313401,24.684560000000033
d1f37ed1,1790072157949,1014.0791015625,25,0,0,0,0,0.5568939999999998,25,24.652909187734792,22.27575999999999
06e9e5b9,1790072157949,1014.10400390625,25,0,0,0,0,0.5544239999999974,25,24.65230381075505,22.176959999999895
e0606b55,1790072157949,1014.140869140625,25,0,0,0,0,0.5238180000000057,25,24.651407670006243,20.952720000000227
c7e22c1f,1790072157949,1014.166015625,25,0,0,0,0,0.5011739999999989,25,24.650796432567553,20.046959999999956
b5e8f409,1790072157949,1014.205810546875,20,0,0,0.0,0,0.7396299999999911,20,19.71986335713823,36.981499999999556
b1269e28,1790072158963,1015.169921875,20,0,0,0,0,1.7483330000000024,20,19.701135316401388,87.41665000000012
1ac2ffac,1790072158963,1015.0888671875,26,0,0,0.0,0,0.6825499999999991,26,25.613520983673112,26.251923076923042
d1f37ed1,1790072158963,1015.035888671875,25,0,0,0,0,0.6080690000000004,25,24.629671008688454,24.322760000000017
06e9e5b9,1790072158963,1014.980224609375,25,0,0,0,0,0.5848010000000059,25,24.63102176165205,23.392040000000232
e0606b55,1790072158963,1014.921142578125,25,0,0,0,0,0.5354369999999946,25,24.63245561767927,21.417479999999788
c7e22c1f,1790072158963,1014.873046875,25,0,0,0,0,0.5274080000000012,25,24.63362297085342,21.096320000000052
b5e8f409,1790072158963,1014.81103515625,21,0,0,0.0,0,0.8572300000000013,21,20.693507729512067,40.82047619047625
b1269e28,1790072159978,1014.408935546875,20,0,0,0,0,1.663552999999979,20,19.715914656467273,83.17764999999895
1ac2ffac,1790072159978,1014.880126953125,25,0,0,0.0,0,0.6226899999999986,25,24.633451120040203,24.90759999999995
d1f37ed1,1790072159978,1014.93896484375,26,0,0,0,0,0.5904300000000049,26,25.617303996208978,22.70884615384634
06e9e5b9,1790072159978,1014.9677734375,26,0,0,0,0,0.5832049999999995,26,25.616576881000878,22.430961538461517
e0606b55,1790072159978,1014.97900390625,26,0,0,0,0,0.5536080000000041,26,25.616293440491237,21.29261538461554
c7e22c1f,1790072159978,1014.98388671875,26,0,0,0,0,0.5372810000000001,26,25.61617020744345,20.664653846153854
b5e8f409,1790072159978,1014.986083984375,20,0,0,0.0,0,0.7341140000000053,20,19.70470365612213,36.70570000000026
b1269e28,1790072160995,1017.0419921875,21,0,0,0,0,1.8337900000000218,21,20.648114985726647,87.32333333333438
1ac2ffac,1790072160995,1016.62890625,25,0,0,0.0,0,0.6708420000000004,25,24.591077281302713,26.83368000000001
d1f37ed1,1790072160995,1016.6181640625,25,0,0,0,0,0.5651379999999975,25,24.591337125138207,22.605519999999895
06e9e5b9,1790072160995,1016.630126953125,25,0,0,0,0,0.5352049999999977,25,24.59104775394159,21.408199999999905
e0606b55,1790072160995,1016.64404296875,25,0,0,0,0,0.5594049999999982,25,24.590711147036604,22.376199999999926
c7e22c1f,1790072160995,1016.662109375,25,0,0,0,0,0.5080239999999989,25,24.590274162345757,20.320959999999957
b5e8f409,1790072160995,1016.678955078125,20,0,0,0.0,0,0.6908370000000019,20,19.67189337411153,34.541850000000096
b1269e28,1790072162011,1013.34521484375,20,0,0,0,0,1.632645999999994,20,19.73661069005378,81.6322999999997
1ac2ffac,1790072162011,1015.64111328125,26,0,0,0.0,0,0.6126270000000034,26,25.599593852597533,23.562576923077053
d1f37ed1,1790072162011,1015.716064453125,26,0,0,0,0,0.5664909999999992,26,25.597704821178294,21.788115384615352
06e9e5b9,1790072162011,1015.698974609375,26,0,0,0,0,0.5861820000000009,26,25.598135520417625,22.545461538461574
e0606b55,1790072162011,1015.679931640625,26,0,0,0,0,0.5454480000000004,26,25.598615459500387,20.97876923076924
c7e22c1f,1790072162011,1015.661865234375,26,0,0,0,0,0.5442609999999988,26,25.599070802958835,20.93311538461534
b5e8f409,1790072162011,1015.654052734375,21,0,0,0.0,0,0.8103709999999893,21,20.67633161455237,38.58909523809473
b1269e28,1790072163023,1014.7568359375,20,0,0,0,0,1.7396359999999902,20,19.709155229807017,86.98179999999951
1ac2ffac,1790072163023,1012.412841796875,25,0,0,0.0,0,0.6084429999999941,25,24.693483693498887,24.337719999999763
d1f37ed1,1790072163023,1012.3388671875,25,0,0,0,0,0.5518940000000043,25,24.69528811973356,22.075760000000173
06e9e5b9,1790072163023,1012.386962890625,25,0,0,0,0,0.5887699999999967,25,24.69411491493191,23.550799999999867
e0606b55,1790072163023,1012.425048828125,25,0,0,0,0,0.5300220000000024,25,24.693185958740678,21.200880000000097
c7e22c1f,1790072163023,1012.47021484375,25,0,0,0,0,0.514794000000002,25,24.692084402560067,20.591760000000075
b5e8f409,1790072163023,1012.493896484375,20,0,0,0.0,0,0.7613380000000092,20,19.753205495307046,38.06690000000046
b1269e28,1790072164034,1010.386962890625,20,0,0,0,0,1.6474560000000054,20,19.79439633977642,82.37280000000027
1ac2ffac,1790072164034,1010.406982421875,25,0,0,0.0,0,0.6228820000000042,25,24.742505183482347,24.915280000000166
d1f37ed1,1790072164034,1010.39697265625,25,0,0,0,0,0.583162999999999,25,24.742750301673084,23.32651999999996
06e9e5b9,1790072164034,1010.373046875,25,0,0,0,0,0.5746189999999984,25,24.743336213612313,22.984759999999937
e0606b55,1790072164034,1010.35888671875,25,0,0,0,0,0.527315999999999,25,24.743682990892683,21.09263999999996
c7e22c1f,1790072164034,1010.343017578125,25,0,0,0,0,0.5511209999999949,25,24.744071632154245,22.044839999999795
b5e8f409,1790072164034,1010.35595703125,20,0,0,0.0,0,0.7224099999999964,20,19.795003791303827,36.12049999999982
b1269e28,1790072165045,1012.05908203125,21,0,0,0,0,1.7947650000000124,21,20.749776740160282,85.46500000000059
1ac2ffac,1790072165045,1012.050048828125,26,0,0,0.0,0,0.6494689999999963,26,25.69042907522802,24.97957692307678
d1f37ed1,1790072165045,1012.031005859375,25,0,0,0,0,0.5716159999999988,25,24.70280046288802,22.864639999999955
06e9e5b9,1790072165045,1012.0029296875,25,0,0,0,0,0.546079000000006,25,24.703485796943138,21.84316000000024
e0606b55,1790072165045,1011.990966796875,25,0,0,0,0,0.5494020000000006,25,24.703777820398226,21.976080000000024
c7e22c1f,1790072165045,1011.974853515625,25,0,0,0,0,0.5114340000000013,25,24.704171169025987,20.45736000000005
b5e8f409,1790072165045,1011.939208984375,20,0,0,0.0,0,0.6940840000000037,20,19.76403307869931,34.704200000000185
b1269e28,1790072166059,1013.614990234375,20,0,0,0,0,1.715707999999978,20,19.7313577568298,85.7853999999989
1ac2ffac,1790072166059,1013.59814453125,25,0,0,0.0,0,0.6190070000000034,25,24.664607107742423,24.76028000000014
d1f37ed1,1790072166059,1013.616943359375,26,0,0,0,0,0.5602669999999961,26,25.650715657760838,21.54873076923062
06e9e5b9,1790072166059,1013.63818359375,26,0,0,0,0,0.5823729999999969,26,25.65017816102751,22.398961538461418
e0606b55,1790072166059,1013.656005859375,26,0,0,0,0,0.588163999999999,26,25.64972717540135,22.62169230769227
c7e22c1f,1790072166059,1013.674072265625,26,0,0,0,0,0.5494249999999994,26,25.649270028075566,21.131730769230746
b5e8f409,1790072166059,1013.69677734375,21,0,0,0.0,0,0.7392689999999931,21,20.71625408046334,35.203285714285386
b1269e28,1790072167077,1014.35693359375,20,0,0,0,0,1.7339750000000151,20,19.716925411198503,86.69875000000076
1ac2ffac,1790072167077,1014.455810546875,25,0,0,0.0,0,0.6245169999999973,25,24.643754553017885,24.980679999999893
d1f37ed1,1790072167077,1014.612060546875,25,0,0,0,0,0.5607100000000003,25,24.639959421066827,22.42840000000001
06e9e5b9,1790072167077,1014.657958984375,25,0,0,0,0,0.5619569999999996,25,24.638844823159744,22.478279999999987
e0606b55,1790072167077,1014.72216796875,25,0,0,0,0,0.5653229999999994,25,24.637285741026517,22.612919999999978
c7e22c1f,1790072167077,1017.5849609375,25,0,0,0,0,0.5402500000000003,25,24.56797315181184,21.610000000000014
b5e8f409,1790072167077,1017.777099609375,20,0,0,0.0,0,0.6969210000000032,20,19.65066811551964,34.84605000000016
b1269e28,1790072168090,1007.31103515625,20,0,0,0,0,1.6745469999999898,20,19.85484056262491,83.72734999999949
1ac2ffac,1790072168090,1016.323974609375,26,0,0,0.0,0,0.6152550000000048,26,25.582393655520253,23.66365384615403
d1f37ed1,1790072168090,1016.237060546875,26,0,0,0,0,0.5753330000000005,26,25.584581599502414,22.128192307692327
06e9e5b9,1790072168090,1016.2138671875,25,0,0,0,0,0.5546179999999978,25,24.601120696365474,22.184719999999917
e0606b55,1790072168090,1016.160888671875,25,0,0,0,0,0.5521790000000024,25,24.602403299220725,22.087160000000093
c7e22c1f,1790072168090,1013.301025390625,26,0,0,0,0,0.556118000000005,26,25.658712809431,21.389153846154038
b5e8f409,1790072168090,1013.14697265625,20,0,0,0.0,0,0.6696850000000012,20,19.7404725472005,33.48425000000006
b1269e28,1790072169104,1000.027099609375,20,0,0,0,0,1.749165000000005,20,19.99945802249988,87.45825000000025
1ac2ffac,1790072169104,1007.176025390625,25,0,0,0.0,0,0.6339349999999939,25,24.821877576269703,25.357399999999757
d1f37ed1,1790072169104,1008.64208984375,25,0,0,0,0,0.5529830000000047,25,24.78579889906516,22.11932000000019
06e9e5b9,1790072169104,1011.0380859375,26,0,0,0,0,0.5947659999999999,26,25.71614300354582,22.87561538461538
e0606b55,1790072169104,1012.322021484375,26,0,0,0,0,0.6133649999999946,26,25.68352702816443,23.59096153846133
c7e22c1f,1790072169104,1013.534912109375,25,0,0,0,0,0.5426029999999997,25,24.666145883391277,21.70411999999999
b5e8f409,1790072169104,1014.092041015625,21,0,0,0.0,0,0.7374149999999986,21,20.70817948533375,35.11499999999993
b1269e28,1790072170118,999.9560546875,20,0,0,0,0,1.6396269999999902,20,20.000878944875506,81.98134999999951
1ac2ffac,1790072170118,999.965087890625,25,0,0,0.0,0,0.5921800000000061,25,25.000872833206824,23.68720000000025
d1f37ed1,1790072170118,999.972900390625,25,0,0,0,0,0.5512289999999993,25,25.000677508594592,22.049159999999976
06e9e5b9,1790072170118,1000.007080078125,25,0,0,0,0,0.5535380000000032,25,24.999822999300054,22.141520000000128
e0606b55,1790072170118,999.992919921875,25,0,0,0,0,0.533920000000002,25,25.00017700320632,21.356800000000074
c7e22c1f,1790072170118,999.98193359375,25,0,0,0,0,0.5039990000000003,25,25.000451668316273,20.159960000000012
b5e8f409,1790072170118,1000.9990234375,19,0,0,0.0,0,0.6795340000000039,19,18.981037498670762,35.764947368421254
b1269e28,1790072171130,1000.016845703125,20,0,0,0,0,1.7507710000000145,20,19.99966309161296,87.53855000000073
1ac2ffac,1790072171130,1000.0048828125,25,0,0,0.0,0,0.6435079999999971,25,24.999877930283542,25.740319999999883
d1f37ed1,1790072171130,1000.0048828125,25,0,0,0,0,0.5724969999999985,25,24.999877930283542,22.89987999999994
06e9e5b9,1790072171130,999.98779296875,25,0,0,0,0,0.5593959999999996,25,25.000305179506586,22.37583999999998
e0606b55,1790072171130,999.987060546875,25,0,0,0,0,0.5842529999999968,25,25.000323490513914,23.37011999999987
c7e22c1f,1790072171130,1000.01513671875,25,0,0,0,0,0.5097849999999937,25,24.99962158775917,20.39139999999975
b5e8f409,1790072171130,1000.01806640625,21,0,0,0.0,0,0.6950629999999904,21,20.99962061232292,33.09823809523764
b1269e28,1790072172146,1060.10400390625,21,0,0,0,0,1.6787390000000073,21,19.80937712018785,79.93995238095273
1ac2ffac,1790072172146,1000.0,25,0,0,0.0,0,0.6041460000000001,25,25.0,24.165840000000003
d1f37ed1,1790072172146,1000.01416015625,25,0,0,0,0,0.5513010000000023,25,24.99964600110643,22.052040000000087
06e9e5b9,1790072172146,1000.01220703125,25,0,0,0,0,0.5576009999999982,25,24.999694827943994,22.304039999999933
e0606b55,1790072172146,999.991943359375,25,0,0,0,0,0.5486320000000049,25,25.000201417638376,21.945280000000192
c7e22c1f,1790072172146,999.9990234375,25,0,0,0,0,0.5474440000000058,25,25.00002441408634,21.897760000000236
b5e8f409,1790072172146,999.993896484375,20,0,0,0.0,0,0.7198960000000056,20,20.00012207105756,35.99480000000028
b1269e28,1790072173161,1019.465087890625,21,0,0,0,0,1.854253,21,20.599037916493145,88.2977619047619
1ac2ffac,1790072173161,1063.549072265625,26,0,0,0.0,0,0.6749799999999979,27,24.446450735567385,24.999259259259183
d1f37ed1,1790072173161,1062.071044921875,26,0,0,0,0,0.5916399999999982,26,24.480471550669698,22.755384615384546
06e9e5b9,1790072173161,1059.723876953125,26,0,0,0,0,0.5742919999999998,26,24.534693013385848,22.088153846153837
e0606b55,1790072173161,1058.528076171875,26,0,0,0,0,0.6122349999999983,26,24.562409429920812,23.547499999999935
c7e22c1f,1790072173161,1057.370849609375,27,0,0,0,0,0.5626129999999989,27,25.535033436920095,20.83751851851848
b5e8f409,1790072173161,1055.7919921875,20,0,0,0.0,0,0.7555399999999963,21,18.943125301189216,35.978095238095065
b1269e28,1790072174180,1013.76806640625,20,0,0,0,0,1.701453999999984,20,19.728378376425745,85.0726999999992
1ac2ffac,1790072174180,1017.966064453125,26,0,0,0.0,0,0.6083800000000039,25,25.54112647553512,24.33520000000016
d1f37ed1,1790072174180,1019.2509765625,26,0,0,0,0,0.6161659999999998,26,25.50892822068902,23.698692307692298
06e9e5b9,1790072174180,1019.18994140625,26,0,0,0,0,0.5886470000000017,26,25.510455847048412,22.6402692307693
e0606b55,1790072174180,1019.201904296875,26,0,0,0,0,0.5480730000000023,26,25.51015641786583,21.079730769230856
c7e22c1f,1790072174180,1019.110107421875,25,0,0,0,0,0.5381119999999981,25,24.531206017811478,21.524479999999926
b5e8f409,1790072174180,1019.06591796875,21,0,0,0.0,0,0.7325260000000071,20,20.607106596066117,36.626300000000356
b1269e28,1790072175193,1018.532958984375,21,0,0,0,0,1.8633399999999938,21,20.617889499560274,88.7304761904759
1ac2ffac,1790072175193,1014.0458984375,25,0,0,0.0,0,0.649839,25,24.653716403292428,25.993560000000002
d1f37ed1,1790072175193,1012.671875,25,0,0,0,0,0.6013069999999985,25,24.68716730184691,24.052279999999936
06e9e5b9,1790072175193,1012.635009765625,25,0,0,0,0,0.6029720000000012,25,24.68806604443418,24.118880000000043
e0606b55,1790072175193,1012.550048828125,25,0,0,0,0,0.5892969999999949,25,24.690137567949115,23.57187999999979
c7e22c1f,1790072175193,1012.572021484375,25,0,0,0,0,0.5370300000000015,25,24.689601795782757,21.481200000000058
b5e8f409,1790072175193,1012.60400390625,18,0,0,0.0,0,0.6460319999999911,18,17.775951833651348,35.89066666666617
b1269e28,1790072176204,1011.598876953125,20,0,0,0,0,1.6789090000000044,20,19.770682288852274,83.94545000000022
1ac2ffac,1790072176204,1011.6640625,25,0,0,0.0,0,0.6325110000000009,25,24.711760481261535,25.300440000000034
d1f37ed1,1790072176204,1011.650146484375,25,0,0,0,0,0.5890109999999993,25,24.71210041028361,23.56043999999997
06e9e5b9,1790072176204,1011.635009765625,25,0,0,0,0,0.5942930000000004,25,24.712470168259582,23.771720000000013
e0606b55,1790072176204,1011.619140625,25,0,0,0,0,0.5472600000000014,25,24.712857829631876,21.890400000000053
c7e22c1f,1790072176204,1011.58203125,25,0,0,0,0,0.5228959999999958,25,24.713764408317726,20.915839999999836
b5e8f409,1790072176204,1011.53515625,22,0,1,0.21399999999999997,0,0.790143999999998,22,21.749120496769685,35.915636363636274
b1269e28,1790072177223,1018.0439453125,20,0,0,0,0,1.8255410000000154,20,19.64551735913598,91.27705000000077
1ac2ffac,1790072177223,1018.25,26,0,0,0.0,0,0.6442579999999936,26,25.534004419346918,24.779153846153598
d1f37ed1,1790072177223,1018.893798828125,26,0,0,0,0,0.6329400000000049,26,25.517870488468724,24.343846153846343
06e9e5b9,1790072177223,1018.968994140625,26,0,0,0,0,0.5780439999999984,26,25.515987384805367,22.232461538461482
e0606b55,1790072177223,1019.0,26,0,0,0,0,0.5645290000000003,26,25.515210991167812,21.712653846153856
c7e22c1f,1790072177223,1019.02783203125,26,0,0,0,0,0.5718910000000008,26,25.51451411113438,21.99580769230772
b5e8f409,1790072177223,1019.116943359375,21,0,0,0.0,0,0.770095000000012,21,20.606074834529263,36.67119047619104
b1269e28,1790072178243,1017.633056640625,21,0,0,0,0,1.7554939999999988,21,20.636122090338212,83.59495238095232
1ac2ffac,1790072178243,1017.359130859375,26,0,0,0.0,0,0.6320720000000009,26,25.5563637375894,24.31046153846157
d1f37ed1,1790072178243,1016.72509765625,25,0,0,0,0,0.5508029999999948,25,24.588750742585074,22.032119999999797
06e9e5b9,1790072178243,1016.6640625,25,0,0,0,0,0.5569970000000026,25,24.59022692168781,22.2798800000001
e0606b55,1790072178243,1016.65087890625,25,0,0,0,0,0.5102380000000011,25,24.59054579965141,20.409520000000043
c7e22c1f,1790072178243,1016.8701171875,26,0,0,0,0,0.5157900000000026,26,25.568653813834,19.838076923077026
b5e8f409,1790072178243,1019.68896484375,20,0,1,0.2220000000000002,0,0.7261579999999981,20,19.613824106711462,36.307899999999904
b1269e28,1790072179259,1019.048095703125,20,0,0,0,0,1.8387009999999862,20,19.626159044240552,91.93504999999931
1ac2ffac,1790072179259,1019.057861328125,25,0,0,0.0,0,0.6407200000000017,25,24.532463708604162,25.62880000000007
d1f37ed1,1790072179259,1019.096923828125,26,0,0,0,0,0.5996640000000042,26,25.512784301549917,23.06400000000016
06e9e5b9,1790072179259,1019.10888671875,26,0,0,0,0,0.6135799999999989,26,25.512484817704653,23.599230769230726
e0606b55,1790072179259,1019.10888671875,26,0,0,0,0,0.5844740000000002,26,25.512484817704653,22.479769230769236
c7e22c1f,1790072179259,1018.87890625,25,0,0,0,0,0.5194779999999994,25,24.536772570955364,20.779119999999974
b5e8f409,1790072179259,1015.9951171875,21,0,0,0.0,0,0.744608999999997,21,20.669390673975542,35.457571428571285
b1269e28,1790072180278,1018.578857421875,20,0,0,0,0,1.7074289999999905,20,19.63520041111201,85.37144999999953
1ac2ffac,1790072180278,1018.630126953125,25,0,0,0.0,0,0.572578,25,24.542765169118585,22.903119999999998
d1f37ed1,1790072180278,1018.64111328125,25,0,0,0,0,0.5290819999999954,25,24.542500468560434,21.163279999999812
06e9e5b9,1790072180278,1018.656005859375,25,0,0,0,0,0.5314890000000005,25,24.54214166136398,21.259560000000018
e0606b55,1790072180278,1018.672119140625,25,0,0,0,0,0.5395200000000031,25,24.541753455557977,21.580800000000128
c7e22c1f,1790072180278,1018.691162109375,25,0,0,0,0,0.49244099999999946,25,24.541294682711495,19.69763999999998
b5e8f409,1790072180278,1018.7138671875,19,0,1,0.21300000000000008,0,0.6939569999999975,20,18.650968257118016,34.697849999999875
b1269e28,1790072181291,1013.291015625,20,0,0,0,0,1.7781730000000096,20,19.737666367903163,88.90865000000048
1ac2ffac,1790072181291,1013.21484375,26,0,0,0.0,0,0.6209959999999981,26,25.66089527841069,23.884461538461462
d1f37ed1,1790072181291,1013.1708984375,26,0,0,0,0,0.6040139999999994,26,25.662008295043698,23.23130769230767
06e9e5b9,1790072181291,1013.14404296875,26,0,0,0,0,0.6164099999999948,26,25.662688519407265,23.708076923076725
e0606b55,1790072181291,1013.1279296875,26,0,0,0,0,0.5906969999999987,26,25.663096671335197,22.719115384615336
c7e22c1f,1790072181291,1013.114013671875,26,0,0,0,0,0.547660999999998,26,25.663449176630202,21.063884615384538
b5e8f409,1790072181291,1013.113037109375,21,0,0,0.0,0,0.731465,20,20.72819046916761,36.57325
b1269e28,1790072182301,1009.77099609375,20,0,0,0,0,1.831308000000007,21,19.806471048751675,87.20514285714319
1ac2ffac,1790072182301,1009.93212890625,25,0,0,0.0,0,0.6201640000000026,25,24.754138703434297,24.806560000000104
d1f37ed1,1790072182301,1010.031005859375,25,0,0,0,0,0.5628829999999994,25,24.751715397814937,22.515319999999974
06e9e5b9,1790072182301,1010.0341796875,25,0,0,0,0,0.5516670000000019,25,24.75163762055546,22.06668000000008
e0606b55,1790072182301,1010.03515625,25,0,0,0,0,0.5353969999999961,25,24.751613689189345,21.41587999999984
c7e22c1f,1790072182301,1010.037841796875,25,0,0,0,0,0.5142470000000046,25,24.75154787817114,20.569880000000186
b5e8f409,1790072182301,1010.007080078125,20,0,0,0.0,0,0.7576880000000017,21,19.801841387540552,36.080380952381034
b1269e28,1790072183312,1011.416015625,21,0,0,0,0,1.7847480000000076,20,20.762969614459927,89.23740000000038
1ac2ffac,1790072183312,1011.31787109375,25,0,0,0.0,0,0.5728099999999969,25,24.72021973957828,22.91239999999988
d1f37ed1,1790072183312,1011.2470703125,25,0,0,0,0,0.5625860000000031,25,24.721950484637144,22.50344000000013
06e9e5b9,1790072183312,1011.284912109375,25,0,0,0,0,0.5570519999999988,25,24.721025401095016,22.28207999999995
e0606b55,1790072183312,1011.31103515625,25,0,0,0,0,0.5485650000000035,25,24.72038683542837,21.942600000000137
c7e22c1f,1790072183312,1011.364990234375,25,0,0,0,0,0.4891369999999995,25,24.719068033199832,19.56547999999998
b5e8f409,1790072183312,1011.390869140625,21,0,1,0.24299999999999988,0,0.7518859999999989,20,20.763485849781915,37.59429999999995
b1269e28,1790072184323,1011.498046875,20,0,1,0.22,0,1.583767999999992,20,19.77265310772427,79.1883999999996
1ac2ffac,1790072184323,1011.412109375,26,0,1,0.236,0,0.6916000000000011,26,25.706633091496844,26.60000000000004
d1f37ed1,1790072184323,1011.364013671875,25,0,0,0,0,0.5218589999999992,25,24.719091901673053,20.87435999999997
06e9e5b9,1790072184323,1011.31005859375,25,0,0,0,0,0.5130260000000035,25,24.720410706448504,20.521040000000138
e0606b55,1790072184323,1011.264892578125,25,0,0,0,0,0.5390749999999969,25,24.721514791505165,21.562999999999874
c7e22c1f,1790072184323,1011.18603515625,25,0,0,0,0,0.4784799999999976,25,24.723442700765702,19.139199999999903
b5e8f409,1790072184323,1011.152099609375,20,0,0,0.0,0,0.7184560000000033,20,19.77941796068696,35.922800000000166
b1269e28,1790072185333,1009.89404296875,20,0,0,0.0,0,1.8439819999999827,20,19.80405780115972,92.19909999999913
1ac2ffac,1790072185333,1009.863037109375,25,0,0,0.0,0,0.603227000000004,25,24.755832307279835,24.129080000000158
d1f37ed1,1790072185333,1009.843017578125,26,0,0,0,0,0.5958510000000032,26,25.746575999856876,22.91734615384628
06e9e5b9,1790072185333,1009.81689453125,26,0,0,0,0,0.6094659999999976,26,25.747242040418644,23.44099999999991
e0606b55,1790072185333,1009.791015625,26,0,0,0,0,0.6027970000000025,26,25.747901890281288,23.184500000000096
c7e22c1f,1790072185333,1009.762939453125,26,0,0,0,0,0.5614600000000038,26,25.748617803383908,21.594615384615533
b5e8f409,1790072185333,1009.72998046875,20,0,0,0.0,0,0.676249999999996,20,19.807275595318405,33.8124999999998
b1269e28,1790072186343,1009.40087890625,20,0,0,0.0,0,1.7111590000000092,20,19.813733490772538,85.55795000000046
1ac2ffac,1790072186343,1009.517822265625,25,0,0,0.0,0,0.5630859999999984,25,24.76429781486511,22.523439999999937
d1f37ed1,1790072186343,1009.56298828125,25,0,0,0,0,0.5776800000000009,25,24.763189905130865,23.107200000000034
06e9e5b9,1790072186343,1009.610107421875,25,0,0,0,0,0.5593020000000024,25,24.762034191436157,22.372080000000096
e0606b55,1790072186343,1009.6630859375,25,0,0,0,0,0.560184999999997,25,24.76073489087383,22.40739999999988
c7e22c1f,1790072186343,1009.72119140625,25,0,0,0,0,0.5104079999999982,25,24.759310008322416,20.416319999999928
b5e8f409,1790072186343,1009.794921875,20,0,0,0.0,0,0.8163179999999954,20,19.806001760103673,40.81589999999977
b1269e28,1790072187353,1010.38916015625,21,0,0,0.0,0,1.9711570000000052,21,20.784070958117255,93.8646190476193
1ac2ffac,1790072187353,1010.378173828125,25,0,0,0.0,0,0.6156289999999984,25,24.74321065871791,24.625159999999937
d1f37ed1,1790072187353,1010.403076171875,25,0,0,0,0,0.572979999999994,25,24.742600838783833,22.919199999999766
06e9e5b9,1790072187353,1010.4189453125,25,0,0,0,0,0.5810109999999966,25,24.74221224372239,23.24043999999986
e0606b55,1790072187353,1010.427978515625,25,0,0,0,0,0.5778180000000006,25,24.7419910489082,23.112720000000028
c7e22c1f,1790072187353,1010.43701171875,25,0,0,0,0,0.516134000000001,25,24.74176985804893,20.645360000000036
b5e8f409,1790072187353,1010.43115234375,20,0,0,0.0,0,0.8454120000000103,20,19.79353066620018,42.27060000000051
b1269e28,1790072188364,1011.285888671875,20,0,0,0.0,0,1.8872939999999971,20,19.776801223110176,94.36469999999986
1ac2ffac,1790072188364,1011.19482421875,26,0,0,0.0,0,0.5564609999999988,26,25.712156922962517,21.402346153846107
d1f37ed1,1790072188364,1011.14599609375,26,0,0,0,0,0.5610670000000013,26,25.713398560092177,21.579500000000053
06e9e5b9,1790072188364,1011.10693359375,26,0,0,0,0,0.5771470000000036,26,25.7143919561395,22.197961538461676
e0606b55,1790072188364,1011.073974609375,26,0,0,0,0,0.561557999999998,26,25.715230193760068,21.598384615384536
c7e22c1f,1790072188364,1011.030029296875,26,0,0,0,0,0.5364199999999997,26,25.716347928935214,20.631538461538447
b5e8f409,1790072188364,1010.97998046875,20,0,0,0.0,0,0.8958319999999986,21,19.782785402661307,42.658666666666605
