camera,source_frame,output_frame,object_id,total_ms,cache_attach_ms,next_tracker_ms,tracker_frames_before_attach,epoch_ms
e0606b55,305,306,116454320966922,295.597736,190.036385,189.452001,1,1790073025672.007
06e9e5b9,277,278,138493342419992,274.410781,243.88119,243.341935,1,1790073025752.764
06e9e5b9,277,278,203145721272521,274.416006,221.840009,221.295529,1,1790073025752.764
06e9e5b9,277,278,105989861701223,274.41898,203.304111,202.756657,1,1790073025752.764
06e9e5b9,323,324,138493342419992,277.543384,200.669053,199.979864,1,1790073027756.575
06e9e5b9,323,324,203145721272521,277.549287,184.941347,184.246255,1,1790073027756.575
06e9e5b9,371,372,138493342419992,277.99144,195.154885,194.536605,1,1790073029756.374
06e9e5b9,371,372,203145721272521,277.996272,180.621054,179.997942,1,1790073029756.374
e0606b55,449,450,116454320966922,277.543185,237.394341,236.47188,1,1790073031669.242
e0606b55,495,496,116454320966922,286.825414,207.29253,206.604915,1,1790073033672.572
e0606b55,540,541,116454320966922,284.646991,181.595936,180.830691,1,1790073035668.175
e0606b55,681,682,116454320966922,274.949122,187.608818,186.99886,1,1790073041679.902
d1f37ed1,653,654,215686623484377,282.14592,202.633764,202.048964,1,1790073041747.278
d1f37ed1,745,746,215686623484377,279.434765,184.534088,183.737946,1,1790073045755.11
06e9e5b9,796,797,138493342419992,283.193334,232.385834,231.828606,1,1790073047753.785
06e9e5b9,796,797,203145721272521,283.198668,211.278788,210.716226,1,1790073047753.785
06e9e5b9,796,797,105989861701223,283.201606,193.263416,192.697916,1,1790073047753.785
06e9e5b9,841,842,138493342419992,278.341753,186.122683,185.150689,1,1790073049754.094
e0606b55,917,918,116454320966922,291.738717,222.347414,221.624468,1,1790073051664.149
d1f37ed1,886,887,215686623484377,288.717247,207.608555,206.842142,1,1790073051753.6
d1f37ed1,934,935,215686623484377,276.787853,224.42883,223.856382,1,1790073053750.098
06e9e5b9,936,937,138493342419992,273.334526,209.175497,208.642235,1,1790073053754.655
06e9e5b9,936,937,203145721272521,273.340234,187.380894,186.841924,1,1790073053754.655
c7e22c1f,1026,1029,165620421351559,320.890283,238.520647,237.802825,1,1790073054343.599
b1269e28,811,814,258791973882344,298.2942,214.321643,213.375258,1,1790073054364.848
06e9e5b9,1032,1033,138493342419992,279.008121,210.622496,209.818301,1,1790073057760.016
06e9e5b9,1032,1033,203145721272521,279.017102,192.138469,191.325293,1,1790073057760.016
d1f37ed1,1078,1079,215686623484377,273.358723,224.620958,223.803595,1,1790073059754.738
e0606b55,1198,1199,116454320966922,284.893853,181.027667,180.244088,1,1790073063669.422
d1f37ed1,1173,1174,215686623484377,284.11776,225.225546,224.112997,1,1790073063756.619
d1f37ed1,1220,1221,215686623484377,277.346543,229.911141,228.962103,1,1790073065752.23
06e9e5b9,1224,1225,138493342419992,288.38044,202.131547,200.397263,1,1790073065753.609
06e9e5b9,1224,1225,203145721272521,288.390317,183.667521,181.92336,1,1790073065753.609
e0606b55,1294,1295,116454320966922,271.103461,221.627747,220.701276,1,1790073067675.497
06e9e5b9,1272,1273,138493342419992,290.02413,199.967555,198.946867,1,1790073067751.645
06e9e5b9,1272,1273,203145721272521,290.032361,183.056366,182.027447,1,1790073067751.645
e0606b55,1342,1343,116454320966922,269.423185,180.858492,179.84175,1,1790073069677.614
06e9e5b9,1368,1369,138493342419992,281.115481,258.604568,257.691861,1,1790073071750.675
06e9e5b9,1368,1369,203145721272521,281.124307,241.196833,240.2753,1,1790073071750.675
06e9e5b9,1368,1369,105989861701223,281.130879,225.430891,224.502786,1,1790073071750.675
e0606b55,1438,1439,116454320966922,280.66626,181.523933,180.912067,1,1790073073674.732
d1f37ed1,1409,1410,215686623484377,288.964946,189.313401,188.757674,1,1790073073756.706
06e9e5b9,1464,1465,138493342419992,291.994686,247.665605,246.67643,1,1790073075748.602
06e9e5b9,1464,1465,203145721272521,292.002478,225.71238,224.715413,1,1790073075748.602
06e9e5b9,1464,1465,105989861701223,292.006694,196.194216,195.193033,1,1790073075748.602
e0606b55,1534,1535,116454320966922,277.564801,187.74065,186.923812,1,1790073077679.355
e0606b55,1773,1774,116454320966922,280.813749,187.973735,187.258463,1,1790073087685.531
06e9e5b9,1793,1794,138493342419992,280.221043,202.944653,202.005319,1,1790073089754.977
06e9e5b9,1793,1794,203145721272521,280.230505,180.665852,179.717056,1,1790073089754.977
06e9e5b9,1841,1842,138493342419992,286.574507,205.777483,204.826851,1,1790073091759.03
06e9e5b9,1841,1842,203145721272521,286.583071,185.439259,184.480063,1,1790073091759.03
e0606b55,2010,2011,116454320966922,274.307419,180.583652,179.490625,1,1790073097678.3
06e9e5b9,1982,1983,138493342419992,288.692158,242.52334,241.175278,1,1790073097753.507
06e9e5b9,1982,1983,203145721272521,288.698393,228.100527,226.74623,1,1790073097753.507
06e9e5b9,1982,1983,105989861701223,288.701663,194.756441,193.398874,1,1790073097753.507
06e9e5b9,2030,2031,138493342419992,295.586737,197.295967,195.831748,1,1790073099754.576
e0606b55,2104,2105,116454320966922,271.568701,219.818144,218.912332,1,1790073101679.911
06e9e5b9,2078,2079,138493342419992,287.844702,256.680885,255.940226,1,1790073101754.119
06e9e5b9,2078,2079,203145721272521,287.853707,241.073582,240.323918,1,1790073101754.119
06e9e5b9,2078,2079,105989861701223,287.860424,225.324941,224.56856,1,1790073101754.119
06e9e5b9,2126,2127,138493342419992,275.269812,202.165703,201.434469,1,1790073103759.022
d1f37ed1,2166,2167,215686623484377,276.345721,225.535077,224.734115,1,1790073105755.438
06e9e5b9,2174,2175,138493342419992,267.527548,181.848433,181.030921,1,1790073105765.631
e0606b55,2248,2249,116454320966922,283.230444,220.679549,220.100324,1,1790073107672.1
e0606b55,2342,2343,116454320966922,282.830904,215.896924,215.266856,1,1790073111673.396
d1f37ed1,2354,2355,215686623484377,292.358016,243.9421,242.781462,1,1790073113753.824
d1f37ed1,2402,2403,215686623484377,296.162348,201.494216,200.806027,1,1790073115748.868
d1f37ed1,2494,2495,215686623484377,272.255004,196.697294,196.094341,1,1790073119762.176
06e9e5b9,2556,2557,138493342419992,290.765964,210.323767,209.64628,1,1790073121752.272
06e9e5b9,2556,2557,203145721272521,290.771702,183.141465,182.45824,1,1790073121752.272
d1f37ed1,2685,2686,215686623484377,270.932719,211.916673,211.316338,1,1790073127759.837
b1269e28,2314,2318,258791973882344,325.558501,198.665666,197.582224,1,1790073129528.625
e0606b55,2819,2820,116454320966922,282.40608,180.332039,179.652386,1,1790073131671.793
d1f37ed1,2781,2782,215686623484377,290.030273,230.441415,229.803538,1,1790073131757.664
e0606b55,2915,2916,116454320966922,282.036884,205.051597,204.585904,1,1790073135678.947
06e9e5b9,2891,2892,138493342419992,290.237113,251.028484,248.306103,1,1790073135756.434
06e9e5b9,2891,2892,203145721272521,290.243273,222.986671,220.25813,1,1790073135756.434
06e9e5b9,2891,2892,105989861701223,290.246575,197.672235,194.940392,1,1790073135756.434
06e9e5b9,3029,3036,203145721272521,368.316956,185.144207,181.110426,1,1790073141683.072
e0606b55,3155,3156,116454320966922,282.8177,184.166091,183.104341,1,1790073145674.287
06e9e5b9,3318,3319,138493342419992,276.739455,247.518542,246.406923,1,1790073153756.374
06e9e5b9,3318,3319,203145721272521,276.749913,224.396551,223.274474,1,1790073153756.374
06e9e5b9,3318,3319,105989861701223,276.757665,193.43086,192.301031,1,1790073153756.374
06e9e5b9,3412,3413,138493342419992,280.718728,222.54246,221.270997,1,1790073157755.902
06e9e5b9,3412,3413,203145721272521,280.729486,191.218414,189.936193,1,1790073157755.902
