phase,camera,metric,n,mean,p95,p99,maximum
before_5s,e0606b55,t0_t1_ms,54,22.65057738888889,55.037837,66.527534,66.527534
before_5s,e0606b55,t1_t2_ms,54,28.367887074074073,50.813652,61.373312,61.373312
before_5s,e0606b55,t2_t3_ms,29,51.920192655172414,212.633258,245.853148,245.853148
before_5s,e0606b55,t0_t3_ms,29,108.53916310344827,284.646991,286.825414,286.825414
before_5s,e0606b55,decoder_cuda_ms,54,11.959041736744068,21.864992141723633,23.139423370361328,23.139423370361328
before_5s,c7e22c1f,t0_t1_ms,83,24.986362554216868,58.293712,64.626992,64.626992
before_5s,c7e22c1f,t1_t2_ms,83,35.48375460240964,63.366062,69.498899,69.498899
before_5s,c7e22c1f,t2_t3_ms,68,31.144090911764707,59.056058,128.836474,128.836474
before_5s,c7e22c1f,t0_t3_ms,68,95.81951070588235,151.383331,192.978686,192.978686
before_5s,c7e22c1f,decoder_cuda_ms,83,13.558322986924505,21.440160751342773,25.559040069580078,25.559040069580078
before_5s,b1269e28,t0_t1_ms,172,31.617540906976743,92.981757,105.157616,105.157616
before_5s,b1269e28,t1_t2_ms,172,66.20416569186047,123.515005,143.958947,154.504457
before_5s,b1269e28,t2_t3_ms,140,39.92694872142857,84.296513,116.575463,139.76248
before_5s,b1269e28,t0_t3_ms,140,128.43056705,197.44384,217.287191,249.219238
before_5s,b1269e28,decoder_cuda_ms,172,13.52722379773162,23.497568130493164,26.745664596557617,30.812511444091797
before_5s,1ac2ffac,t0_t1_ms,13,44.75299676923077,240.616384,240.616384,240.616384
before_5s,1ac2ffac,t1_t2_ms,13,24.602817538461537,37.118339,37.118339,37.118339
before_5s,1ac2ffac,decoder_cuda_ms,13,13.477260222801796,25.608415603637695,25.608415603637695,25.608415603637695
before_5s,d1f37ed1,t0_t1_ms,17,28.011902882352942,89.937438,89.937438,89.937438
before_5s,d1f37ed1,t1_t2_ms,17,22.008364235294117,34.452878,34.452878,34.452878
before_5s,d1f37ed1,decoder_cuda_ms,17,12.565074892605052,21.6790714263916,21.6790714263916,21.6790714263916
before_5s,06e9e5b9,t0_t1_ms,106,31.611753273584906,92.697309,107.786413,107.786413
before_5s,06e9e5b9,t1_t2_ms,106,50.89546816981132,89.227788,101.011417,110.821463
before_5s,06e9e5b9,t2_t3_ms,90,40.25304684444444,136.631128,166.474642,166.474642
before_5s,06e9e5b9,t0_t3_ms,90,117.67169408888888,284.412873,286.012036,286.012036
before_5s,06e9e5b9,decoder_cuda_ms,106,13.636108654849934,24.435487747192383,25.118240356445312,26.816608428955078
after_5s,e0606b55,t0_t1_ms,56,24.64847914285714,64.031081,103.457128,103.457128
after_5s,e0606b55,t1_t2_ms,56,30.818023357142856,59.850762,68.175126,68.175126
after_5s,e0606b55,t2_t3_ms,30,43.01614213333333,172.350517,173.785483,173.785483
after_5s,e0606b55,t0_t3_ms,30,104.6789581,278.250027,291.492513,291.492513
after_5s,e0606b55,decoder_cuda_ms,56,12.799941156591688,23.70697593688965,26.34966468811035,26.34966468811035
after_5s,c7e22c1f,t0_t1_ms,67,27.195715253731343,76.995525,95.301266,95.301266
after_5s,c7e22c1f,t1_t2_ms,67,40.26389394029851,76.509648,142.551301,142.551301
after_5s,c7e22c1f,t2_t3_ms,54,31.18322375925926,66.243902,67.000222,67.000222
after_5s,c7e22c1f,t0_t3_ms,54,104.92352737037037,156.960298,202.245912,202.245912
after_5s,c7e22c1f,decoder_cuda_ms,67,15.17751124367785,23.70649528503418,104.74569702148438,104.74569702148438
after_5s,b1269e28,t0_t1_ms,162,29.592386567901237,65.692621,144.477159,144.477159
after_5s,b1269e28,t1_t2_ms,162,65.9592840617284,122.156481,139.732928,148.657148
after_5s,b1269e28,t2_t3_ms,131,38.63466676335878,83.557318,135.163827,138.462556
after_5s,b1269e28,t0_t3_ms,131,126.45970916793893,205.463163,272.715999,273.109157
after_5s,b1269e28,decoder_cuda_ms,162,13.182522682496058,23.66921615600586,28.503103256225586,30.15350341796875
after_5s,1ac2ffac,t0_t1_ms,16,19.0455475,43.088491,43.088491,43.088491
after_5s,1ac2ffac,t1_t2_ms,16,21.8236123125,38.437021,38.437021,38.437021
after_5s,1ac2ffac,decoder_cuda_ms,16,11.179107993841171,21.73276710510254,21.73276710510254,21.73276710510254
after_5s,d1f37ed1,t0_t1_ms,34,25.742555029411765,77.88479,77.88479,77.88479
after_5s,d1f37ed1,t1_t2_ms,34,30.341876676470587,56.002618,60.158862,60.158862
after_5s,d1f37ed1,t2_t3_ms,18,45.96211205555556,177.195738,177.195738,177.195738
after_5s,d1f37ed1,t0_t3_ms,18,94.55575916666666,274.095307,274.095307,274.095307
after_5s,d1f37ed1,decoder_cuda_ms,34,12.768810356364531,25.693471908569336,30.14678382873535,30.14678382873535
after_5s,06e9e5b9,t0_t1_ms,86,32.718837779069766,113.414602,118.387621,118.387621
after_5s,06e9e5b9,t1_t2_ms,86,52.351448162790696,94.905447,126.886077,126.886077
after_5s,06e9e5b9,t2_t3_ms,69,41.280859014492755,131.806471,146.812881,146.812881
after_5s,06e9e5b9,t0_t3_ms,69,118.10658634782608,277.20162,281.822002,281.822002
after_5s,06e9e5b9,decoder_cuda_ms,86,13.682317772576976,22.808191299438477,27.515615463256836,27.515615463256836
build_steady,e0606b55,t0_t1_ms,1287,28.78271146930847,70.756697,141.00483,212.878421
build_steady,e0606b55,t1_t2_ms,1287,32.456435818958816,61.559524,77.763713,174.293965
build_steady,e0606b55,t2_t3_ms,650,41.83540615076923,143.371069,195.962132,229.268138
build_steady,e0606b55,t0_t3_ms,650,109.26189408307692,281.10485,287.164582,294.199154
build_steady,e0606b55,decoder_cuda_ms,1287,13.083936783539388,23.174528121948242,27.402048110961914,128.3992919921875
build_steady,c7e22c1f,t0_t1_ms,1362,25.59296372613803,62.424645,95.171268,117.363253
build_steady,c7e22c1f,t1_t2_ms,1362,32.829147430983845,62.695433,85.448661,152.785186
build_steady,c7e22c1f,t2_t3_ms,833,33.756122291716686,61.072098,117.277069,244.805726
build_steady,c7e22c1f,t0_t3_ms,833,90.6970373277311,150.21566,188.485849,320.890283
build_steady,c7e22c1f,decoder_cuda_ms,1362,13.36182525907144,23.42438316345215,28.295711517333984,121.90316772460938
build_steady,b1269e28,t0_t1_ms,3782,30.79129951665785,77.108338,121.888952,192.370499
build_steady,b1269e28,t1_t2_ms,3782,70.11840869592808,135.41005,165.970067,287.339829
build_steady,b1269e28,t2_t3_ms,3000,39.997520769666664,84.032982,116.854937,224.845187
build_steady,b1269e28,t0_t3_ms,3000,129.48672635933335,203.651674,274.232261,366.572523
build_steady,b1269e28,decoder_cuda_ms,3782,14.005844881268546,23.424320220947266,27.490175247192383,114.84556579589844
build_steady,1ac2ffac,t0_t1_ms,240,26.2670017625,61.670476,119.097094,192.934588
build_steady,1ac2ffac,t1_t2_ms,240,24.345999375,39.670698,46.320061,55.720675
build_steady,1ac2ffac,decoder_cuda_ms,240,12.90814109146595,21.729280471801758,26.031967163085938,29.439903259277344
build_steady,d1f37ed1,t0_t1_ms,754,28.442404899204245,74.536549,170.333436,246.623969
build_steady,d1f37ed1,t1_t2_ms,754,29.62756082228117,53.679916,62.754876,153.563151
build_steady,d1f37ed1,t2_t3_ms,359,43.70904971866295,161.340867,238.959364,257.502401
build_steady,d1f37ed1,t0_t3_ms,359,97.23573389415041,280.499188,291.613751,320.814623
build_steady,d1f37ed1,decoder_cuda_ms,754,12.744400788365372,22.07811164855957,27.07356834411621,29.586015701293945
build_steady,06e9e5b9,t0_t1_ms,2360,28.058000404237287,81.792159,144.839776,227.259416
build_steady,06e9e5b9,t1_t2_ms,2360,53.22167533262712,99.103547,120.755968,191.354715
build_steady,06e9e5b9,t2_t3_ms,1968,40.907229361788616,138.313179,213.682114,262.962304
build_steady,06e9e5b9,t0_t3_ms,1968,115.93754849237804,280.521924,289.249941,368.32592
build_steady,06e9e5b9,decoder_cuda_ms,2360,14.440780639446388,24.38368034362793,29.12860870361328,35.53148651123047
