timestamp_epoch,timestamp_iso,gpu_used_mib,gpu_free_mib,gpu_util_percent,gpu_temp_c,gpu_power_w,deepstream_vram_mib,deepstream_pids,uptime_minutes
1790127488.72,2026-09-23T01:38:08Z,13033.0,2809.0,100.0,70.0,146.7,11908.0,"72,8526,9263,9542",0.0
1790127548.77,2026-09-23T01:39:08Z,13003.0,2839.0,100.0,70.0,150.98,11908.0,"72,8526,9263,9542",1.0
1790127608.82,2026-09-23T01:40:08Z,12845.0,2997.0,100.0,69.0,143.49,11634.0,"72,9263,9542,9756",2.0
1790127668.86,2026-09-23T01:41:08Z,12723.0,3119.0,100.0,70.0,149.2,11636.0,"72,9263,9542,9756",3.0
1790127728.9,2026-09-23T01:42:08Z,12729.0,3113.0,100.0,71.0,150.01,11638.0,"72,9263,9542,9756",4.0
1790127788.94,2026-09-23T01:43:08Z,12806.0,3036.0,100.0,69.0,150.64,11640.0,"72,9263,9542,9756",5.0
1790127848.98,2026-09-23T01:44:08Z,7834.0,8008.0,100.0,71.0,146.29,6718.0,"72,9263,9756",6.0
1790127909.03,2026-09-23T01:45:09Z,7751.0,8091.0,100.0,71.0,154.68,6738.0,"72,9263,9756",7.01
1790127969.07,2026-09-23T01:46:09Z,7689.0,8153.0,100.0,72.0,156.27,6738.0,"72,9263,9756",8.01
1790128029.12,2026-09-23T01:47:09Z,7875.0,7967.0,100.0,71.0,148.18,6770.0,"72,9263,9756",9.01
1790128089.16,2026-09-23T01:48:09Z,7937.0,7906.0,100.0,72.0,156.01,6770.0,"72,9263,9756",10.01
1790128149.2,2026-09-23T01:49:09Z,7858.0,7985.0,100.0,73.0,157.22,6770.0,"72,9263,9756",11.01
1790128209.25,2026-09-23T01:50:09Z,7902.0,7940.0,100.0,71.0,147.17,6770.0,"72,9263,9756",12.01
1790128269.29,2026-09-23T01:51:09Z,7880.0,7962.0,100.0,70.0,144.0,6770.0,"72,9263,9756",13.01
1790128329.34,2026-09-23T01:52:09Z,7678.0,8165.0,100.0,72.0,156.43,6770.0,"72,9263,9756",14.01
1790128389.38,2026-09-23T01:53:09Z,7761.0,8081.0,100.0,74.0,158.19,6770.0,"72,9263,9756",15.01
1790128449.42,2026-09-23T01:54:09Z,7840.0,8002.0,100.0,70.0,149.54,6770.0,"72,9263,9756",16.01
1790128509.46,2026-09-23T01:55:09Z,7686.0,8157.0,100.0,73.0,158.17,6770.0,"72,9263,9756",17.01
1790128569.5,2026-09-23T01:56:09Z,7835.0,8007.0,100.0,70.0,145.27,6770.0,"72,9263,9756",18.01
1790128629.54,2026-09-23T01:57:09Z,11117.0,4725.0,100.0,69.0,138.32,10228.0,"72,9263,10743",19.01
1790128689.58,2026-09-23T01:58:09Z,11109.0,4733.0,99.0,68.0,137.48,10228.0,"72,9263,10743",20.01
1790128749.62,2026-09-23T01:59:09Z,11258.0,4584.0,99.0,66.0,135.22,10228.0,"72,9263,10743",21.01
1790128809.66,2026-09-23T02:00:09Z,15137.0,705.0,100.0,68.0,132.3,14082.0,"72,9263,10743,11718",22.02
1790128869.71,2026-09-23T02:01:09Z,2798.0,13045.0,86.0,68.0,162.3,1814.0,"72,12095",23.02
1790128929.75,2026-09-23T02:02:09Z,7753.0,8089.0,100.0,71.0,155.01,6776.0,"72,12095,12354",24.02
1790128989.79,2026-09-23T02:03:09Z,8158.0,7684.0,100.0,71.0,147.28,7110.0,"72,12095,12537",25.02
1790129049.84,2026-09-23T02:04:09Z,8463.0,7380.0,100.0,70.0,156.55,7590.0,"72,12095,12537,12883",26.02
1790129109.88,2026-09-23T02:05:09Z,3188.0,12654.0,100.0,73.0,169.31,2294.0,"72,12095,12883",27.02
1790129169.92,2026-09-23T02:06:09Z,8530.0,7312.0,100.0,72.0,154.54,7590.0,"72,12095,12883,13096",28.02
1790129229.97,2026-09-23T02:07:09Z,5016.0,10826.0,99.0,75.0,173.75,4100.0,"72,12095,13387",29.02
1790129290.02,2026-09-23T02:08:10Z,2843.0,12999.0,100.0,71.0,156.51,1816.0,"72,12095",30.02
1790129350.06,2026-09-23T02:09:10Z,7981.0,7861.0,100.0,71.0,155.16,7112.0,"72,12095,13746",31.02
1790129410.1,2026-09-23T02:10:10Z,7996.0,7846.0,100.0,71.0,154.51,7004.0,"72,12095,13955",32.02
1790129470.15,2026-09-23T02:11:10Z,2681.0,13161.0,100.0,73.0,170.21,1816.0,"72,12095",33.02
1790129530.19,2026-09-23T02:12:10Z,2695.0,13147.0,100.0,74.0,173.52,1816.0,"72,12095",34.02
1790129590.23,2026-09-23T02:13:10Z,8035.0,7808.0,100.0,72.0,156.07,7118.0,"72,12095,14276",35.03
1790129650.27,2026-09-23T02:14:10Z,2682.0,13160.0,100.0,73.0,168.39,1816.0,"72,12095",36.03
1790129710.32,2026-09-23T02:15:10Z,2711.0,13132.0,83.0,74.0,172.9,1816.0,"72,12095",37.03
1790129770.37,2026-09-23T02:16:10Z,7525.0,8317.0,100.0,72.0,158.89,6642.0,"72,12095,14771",38.03
1790129830.41,2026-09-23T02:17:10Z,2896.0,12947.0,98.0,68.0,141.4,1816.0,"72,12095",39.03
1790129890.46,2026-09-23T02:18:10Z,8200.0,7642.0,100.0,68.0,147.99,7118.0,"72,12095,14996",40.03
1790129950.5,2026-09-23T02:19:10Z,8205.0,7637.0,100.0,70.0,146.01,7118.0,"72,12095,14996",41.03
1790130010.54,2026-09-23T02:20:10Z,8014.0,7829.0,100.0,72.0,156.47,7118.0,"72,12095,14996",42.03
1790130070.58,2026-09-23T02:21:10Z,8176.0,7667.0,100.0,73.0,159.74,7118.0,"72,12095,14996",43.03
1790130130.62,2026-09-23T02:22:10Z,9762.0,6080.0,100.0,74.0,167.36,8740.0,"72,12095,14996,15407",44.03
1790130190.67,2026-09-23T02:23:10Z,9897.0,5946.0,100.0,75.0,165.84,8766.0,"72,12095,14996,15407",45.03
1790130250.71,2026-09-23T02:24:10Z,9656.0,6187.0,100.0,73.0,168.16,8768.0,"72,12095,14996,15407",46.03
1790130310.75,2026-09-23T02:25:10Z,9693.0,6150.0,100.0,71.0,164.5,8770.0,"72,12095,14996,15407",47.03
1790130370.8,2026-09-23T02:26:10Z,9711.0,6132.0,100.0,73.0,167.49,8772.0,"72,12095,14996,15407",48.03
1790130430.85,2026-09-23T02:27:10Z,9761.0,6081.0,100.0,72.0,166.76,8772.0,"72,12095,14996,15407",49.04
1790130490.89,2026-09-23T02:28:10Z,9709.0,6133.0,100.0,72.0,163.64,8772.0,"72,12095,14996,15407",50.04
1790130550.93,2026-09-23T02:29:10Z,9237.0,6606.0,100.0,72.0,152.27,8244.0,"72,12095,14996,15664",51.04
1790130610.97,2026-09-23T02:30:10Z,9433.0,6409.0,100.0,74.0,167.16,8514.0,"72,12095,14996,15790",52.04
1790130671.02,2026-09-23T02:31:11Z,9577.0,6265.0,100.0,73.0,167.41,8540.0,"72,12095,14996,15790",53.04
1790130731.06,2026-09-23T02:32:11Z,9528.0,6315.0,100.0,73.0,161.98,8542.0,"72,12095,14996,15790",54.04
1790130791.11,2026-09-23T02:33:11Z,4272.0,11570.0,100.0,74.0,174.57,3260.0,"72,12095,15790",55.04
1790130851.16,2026-09-23T02:34:11Z,4247.0,11595.0,100.0,75.0,174.84,3260.0,"72,12095,15790",56.04
1790130911.2,2026-09-23T02:35:11Z,4242.0,11601.0,100.0,74.0,172.71,3260.0,"72,12095,15790",57.04
1790130971.25,2026-09-23T02:36:11Z,4243.0,11599.0,100.0,75.0,178.49,3260.0,"72,12095,15790",58.04
1790131031.29,2026-09-23T02:37:11Z,6282.0,9561.0,100.0,73.0,162.61,5246.0,"72,12095,15790,16340",59.04
1790131091.34,2026-09-23T02:38:11Z,9292.0,6550.0,100.0,71.0,159.02,8260.0,"72,12095,15790,16340",60.04
1790131151.39,2026-09-23T02:39:11Z,9544.0,6299.0,100.0,71.0,155.24,8562.0,"72,12095,15790,16589",61.04
1790131211.44,2026-09-23T02:40:11Z,9629.0,6214.0,100.0,72.0,155.32,8562.0,"72,12095,15790,16589",62.05
1790131271.48,2026-09-23T02:41:11Z,9608.0,6235.0,100.0,73.0,165.36,8562.0,"72,12095,15790,16589",63.05
1790131331.53,2026-09-23T02:42:11Z,9581.0,6261.0,100.0,72.0,167.31,8562.0,"72,12095,15790,16589",64.05
1790131391.57,2026-09-23T02:43:11Z,9561.0,6281.0,100.0,72.0,165.59,8562.0,"72,12095,15790,16589",65.05
1790131451.61,2026-09-23T02:44:11Z,9553.0,6289.0,100.0,73.0,167.37,8562.0,"72,12095,15790,16589",66.05
1790131511.66,2026-09-23T02:45:11Z,4263.0,11579.0,100.0,72.0,162.54,3260.0,"72,12095,15790",67.05
1790131571.7,2026-09-23T02:46:11Z,9209.0,6633.0,100.0,73.0,165.8,8260.0,"72,12095,15790,16886",68.05
1790131631.75,2026-09-23T02:47:11Z,4208.0,11634.0,100.0,75.0,174.5,3260.0,"72,12095,15790",69.05
1790131691.79,2026-09-23T02:48:11Z,4205.0,11638.0,100.0,73.0,163.4,3260.0,"72,12095,15790",70.05
1790131751.83,2026-09-23T02:49:11Z,4193.0,11649.0,100.0,72.0,162.22,3260.0,"72,12095,15790",71.05
1790131811.88,2026-09-23T02:50:11Z,4162.0,11680.0,100.0,71.0,164.07,3260.0,"72,12095,15790",72.05
1790131871.92,2026-09-23T02:51:11Z,4101.0,11742.0,100.0,73.0,172.95,3260.0,"72,12095,15790",73.05
1790131931.97,2026-09-23T02:52:11Z,4118.0,11724.0,100.0,75.0,179.01,3260.0,"72,12095,15790",74.05
1790131992.01,2026-09-23T02:53:12Z,4232.0,11610.0,100.0,74.0,176.8,3260.0,"72,12095,15790",75.05
1790132052.06,2026-09-23T02:54:12Z,4209.0,11633.0,100.0,71.0,160.51,3260.0,"72,12095,15790",76.06
1790132112.1,2026-09-23T02:55:12Z,4184.0,11659.0,100.0,75.0,176.21,3260.0,"72,12095,15790",77.06
1790132172.14,2026-09-23T02:56:12Z,4222.0,11620.0,100.0,74.0,176.49,3260.0,"72,12095,15790",78.06
1790132232.19,2026-09-23T02:57:12Z,4278.0,11564.0,100.0,74.0,176.37,3260.0,"72,12095,15790",79.06
1790132292.24,2026-09-23T02:58:12Z,4252.0,11590.0,100.0,74.0,178.16,3260.0,"72,12095,15790",80.06
1790132352.28,2026-09-23T02:59:12Z,4177.0,11665.0,100.0,74.0,174.77,3262.0,"72,12095,15790",81.06
1790132412.33,2026-09-23T03:00:12Z,4238.0,11604.0,100.0,75.0,177.45,3262.0,"72,12095,15790",82.06
1790132472.38,2026-09-23T03:01:12Z,4180.0,11662.0,100.0,75.0,177.74,3262.0,"72,12095,15790",83.06
1790132532.42,2026-09-23T03:02:12Z,4261.0,11581.0,100.0,74.0,173.66,3262.0,"72,12095,15790",84.06
1790132592.47,2026-09-23T03:03:12Z,2818.0,13025.0,99.0,68.0,146.33,1818.0,"72,12095",85.06
1790132652.51,2026-09-23T03:04:12Z,2792.0,13050.0,81.0,73.0,158.81,1818.0,"72,12095",86.06
1790132712.56,2026-09-23T03:05:12Z,2822.0,13021.0,100.0,70.0,142.31,1818.0,"72,12095",87.06
1790132772.6,2026-09-23T03:06:12Z,2829.0,13013.0,97.0,71.0,153.24,1818.0,"72,12095",88.06
1790132832.64,2026-09-23T03:07:12Z,4468.0,11375.0,100.0,73.0,163.43,3448.0,"72,12095,17480",89.07
1790132892.69,2026-09-23T03:08:12Z,4537.0,11305.0,100.0,75.0,178.19,3448.0,"72,12095,17480",90.07
1790132952.73,2026-09-23T03:09:12Z,4406.0,11437.0,100.0,75.0,176.65,3450.0,"72,12095,17480",91.07
1790133012.78,2026-09-23T03:10:12Z,9586.0,6256.0,100.0,73.0,167.85,8626.0,"72,12095,17480,17723",92.07
1790133072.82,2026-09-23T03:11:12Z,4420.0,11422.0,100.0,72.0,162.35,3450.0,"72,12095,17480",93.07
1790133132.88,2026-09-23T03:12:12Z,4397.0,11445.0,100.0,72.0,173.44,3450.0,"72,12095,17480",94.07
1790133192.92,2026-09-23T03:13:12Z,4424.0,11418.0,100.0,74.0,172.15,3460.0,"72,12095,17480",95.07
1790133252.97,2026-09-23T03:14:12Z,4474.0,11368.0,100.0,75.0,178.69,3492.0,"72,12095,17480",96.07
1790133313.02,2026-09-23T03:15:13Z,5168.0,10674.0,100.0,73.0,159.42,3492.0,"72,12095,17480",97.07
1790133373.06,2026-09-23T03:16:13Z,4448.0,11394.0,100.0,75.0,178.78,3492.0,"72,12095,17480",98.07
1790133433.11,2026-09-23T03:17:13Z,5291.0,10551.0,99.0,71.0,156.25,4306.0,"72,12095,17480,18357",99.07
1790133493.15,2026-09-23T03:18:13Z,5767.0,10075.0,100.0,71.0,154.28,4784.0,"72,12095,17480,18357",100.07
1790133553.2,2026-09-23T03:19:13Z,5724.0,10118.0,100.0,73.0,162.68,4792.0,"72,12095,17480,18357",101.07
1790133613.24,2026-09-23T03:20:13Z,5566.0,10276.0,100.0,71.0,162.12,4578.0,"72,12095,17480,18357",102.08
1790133673.29,2026-09-23T03:21:13Z,4552.0,11291.0,100.0,71.0,159.03,3496.0,"72,12095,17480",103.08
1790133733.34,2026-09-23T03:22:13Z,4535.0,11307.0,100.0,75.0,178.37,3496.0,"72,12095,17480",104.08
1790133793.39,2026-09-23T03:23:13Z,6775.0,9068.0,100.0,72.0,163.97,5724.0,"72,12095,17480,18840",105.08
1790133853.44,2026-09-23T03:24:13Z,4523.0,11319.0,99.0,73.0,160.74,3496.0,"72,12095,17480",106.08
1790133913.48,2026-09-23T03:25:13Z,4555.0,11287.0,100.0,73.0,177.59,3496.0,"72,12095,17480",107.08
1790133973.53,2026-09-23T03:26:13Z,2864.0,12979.0,100.0,70.0,144.45,1818.0,"72,12095",108.08
1790134033.57,2026-09-23T03:27:13Z,2861.0,12981.0,99.0,67.0,145.11,1818.0,"72,12095",109.08
1790134093.61,2026-09-23T03:28:13Z,2865.0,12977.0,99.0,69.0,146.79,1818.0,"72,12095",110.08
1790134153.66,2026-09-23T03:29:13Z,4388.0,11454.0,99.0,73.0,172.58,3394.0,"72,12095,19603",111.08
1790134213.7,2026-09-23T03:30:13Z,3806.0,12036.0,99.0,68.0,145.56,2810.0,"72,12095,19822",112.08
1790134273.75,2026-09-23T03:31:13Z,3837.0,12005.0,99.0,69.0,149.12,2810.0,"72,12095,19822",113.08
1790134333.79,2026-09-23T03:32:13Z,3934.0,11908.0,99.0,69.0,148.3,2810.0,"72,12095,19822",114.08
1790134393.84,2026-09-23T03:33:13Z,3901.0,11941.0,100.0,73.0,167.4,2810.0,"72,12095,19822",115.09
1790134453.88,2026-09-23T03:34:13Z,3901.0,11941.0,100.0,71.0,155.55,2810.0,"72,12095,19822",116.09
1790134513.93,2026-09-23T03:35:13Z,3915.0,11927.0,99.0,69.0,147.59,2810.0,"72,12095,19822",117.09
1790134573.97,2026-09-23T03:36:13Z,3882.0,11961.0,99.0,69.0,149.05,2810.0,"72,12095,19822",118.09
1790134634.02,2026-09-23T03:37:14Z,3868.0,11974.0,100.0,70.0,148.85,2810.0,"72,12095,19822",119.09
1790134694.06,2026-09-23T03:38:14Z,3870.0,11972.0,99.0,69.0,146.94,2810.0,"72,12095,19822",120.09
1790134754.1,2026-09-23T03:39:14Z,3811.0,12031.0,100.0,69.0,150.29,2812.0,"72,12095,19822",121.09
1790134814.15,2026-09-23T03:40:14Z,3814.0,12028.0,99.0,71.0,152.25,2812.0,"72,12095,19822",122.09
1790134874.19,2026-09-23T03:41:14Z,3777.0,12065.0,99.0,69.0,149.88,2812.0,"72,12095,19822",123.09
1790134934.24,2026-09-23T03:42:14Z,3767.0,12075.0,99.0,69.0,146.85,2812.0,"72,12095,19822",124.09
1790134994.28,2026-09-23T03:43:14Z,3768.0,12074.0,99.0,71.0,150.05,2812.0,"72,12095,19822",125.09
1790135054.32,2026-09-23T03:44:14Z,3747.0,12095.0,100.0,71.0,147.64,2812.0,"72,12095,19822",126.09
1790135114.37,2026-09-23T03:45:14Z,3792.0,12050.0,100.0,69.0,150.35,2812.0,"72,12095,19822",127.09
1790135174.41,2026-09-23T03:46:14Z,3800.0,12042.0,99.0,70.0,149.39,2812.0,"72,12095,19822",128.09
1790135234.46,2026-09-23T03:47:14Z,3869.0,11974.0,99.0,69.0,146.94,2812.0,"72,12095,19822",129.1
1790135294.5,2026-09-23T03:48:14Z,3875.0,11967.0,100.0,69.0,147.02,2812.0,"72,12095,19822",130.1
1790135354.55,2026-09-23T03:49:14Z,3934.0,11909.0,100.0,70.0,150.07,2812.0,"72,12095,19822",131.1
1790135414.59,2026-09-23T03:50:14Z,4052.0,11790.0,99.0,72.0,156.26,2908.0,"72,12095,19822",132.1
1790135474.64,2026-09-23T03:51:14Z,4057.0,11785.0,99.0,69.0,149.65,2908.0,"72,12095,19822",133.1
1790135534.68,2026-09-23T03:52:14Z,4044.0,11798.0,100.0,70.0,151.05,2908.0,"72,12095,19822",134.1
1790135594.73,2026-09-23T03:53:14Z,4047.0,11795.0,99.0,69.0,148.24,2908.0,"72,12095,19822",135.1
1790135654.78,2026-09-23T03:54:14Z,4032.0,11810.0,99.0,69.0,148.85,2908.0,"72,12095,19822",136.1
1790135714.82,2026-09-23T03:55:14Z,4038.0,11804.0,99.0,70.0,148.0,2908.0,"72,12095,19822",137.1
1790135774.87,2026-09-23T03:56:14Z,4045.0,11798.0,99.0,70.0,149.29,2908.0,"72,12095,19822",138.1
1790135834.91,2026-09-23T03:57:14Z,4035.0,11807.0,100.0,70.0,150.35,2908.0,"72,12095,19822",139.1
1790135894.96,2026-09-23T03:58:14Z,4039.0,11803.0,99.0,69.0,146.05,2908.0,"72,12095,19822",140.1
1790135955.0,2026-09-23T03:59:15Z,3965.0,11877.0,99.0,70.0,149.96,2908.0,"72,12095,19822",141.1
1790136015.05,2026-09-23T04:00:15Z,4024.0,11818.0,99.0,69.0,150.09,2908.0,"72,12095,19822",142.11
1790136075.09,2026-09-23T04:01:15Z,4018.0,11824.0,100.0,71.0,156.25,2908.0,"72,12095,19822",143.11
1790136135.14,2026-09-23T04:02:15Z,3992.0,11850.0,99.0,70.0,147.23,2908.0,"72,12095,19822",144.11
1790136195.19,2026-09-23T04:03:15Z,3998.0,11844.0,99.0,69.0,153.2,2910.0,"72,12095,19822",145.11
1790136255.24,2026-09-23T04:04:15Z,3997.0,11845.0,100.0,73.0,163.54,2910.0,"72,12095,19822",146.11
1790136315.28,2026-09-23T04:05:15Z,4015.0,11827.0,100.0,71.0,162.9,2910.0,"72,12095,19822",147.11
1790136375.33,2026-09-23T04:06:15Z,4357.0,11485.0,99.0,69.0,148.84,3296.0,"72,12095,19822",148.11
1790136435.37,2026-09-23T04:07:15Z,4374.0,11468.0,99.0,69.0,147.36,3296.0,"72,12095,19822",149.11
1790136495.42,2026-09-23T04:08:15Z,4355.0,11487.0,100.0,70.0,150.32,3296.0,"72,12095,19822",150.11
1790136555.46,2026-09-23T04:09:15Z,4353.0,11489.0,100.0,69.0,148.36,3296.0,"72,12095,19822",151.11
1790136615.51,2026-09-23T04:10:15Z,4426.0,11416.0,100.0,70.0,151.36,3296.0,"72,12095,19822",152.11
1790136675.55,2026-09-23T04:11:15Z,4455.0,11388.0,99.0,72.0,166.62,3296.0,"72,12095,19822",153.11
1790136735.6,2026-09-23T04:12:15Z,3357.0,12485.0,91.0,71.0,155.93,2206.0,"72,12095",154.11
1790136795.64,2026-09-23T04:13:15Z,3376.0,12466.0,99.0,68.0,150.17,2206.0,"72,12095",155.12
1790136855.69,2026-09-23T04:14:15Z,3270.0,12572.0,89.0,70.0,154.5,2206.0,"72,12095",156.12
1790136915.73,2026-09-23T04:15:15Z,3329.0,12513.0,96.0,70.0,156.73,2206.0,"72,12095",157.12
1790136975.77,2026-09-23T04:16:15Z,3263.0,12579.0,92.0,72.0,158.44,2206.0,"72,12095",158.12
1790137035.81,2026-09-23T04:17:15Z,3276.0,12566.0,89.0,71.0,157.27,2206.0,"72,12095",159.12
1790137095.85,2026-09-23T04:18:15Z,3267.0,12576.0,99.0,73.0,169.06,2206.0,"72,12095",160.12
1790137155.9,2026-09-23T04:19:15Z,3198.0,12644.0,83.0,68.0,146.5,2206.0,"72,12095",161.12
1790137215.95,2026-09-23T04:20:15Z,3293.0,12549.0,91.0,72.0,157.41,2206.0,"72,12095",162.12
1790137275.99,2026-09-23T04:21:15Z,3271.0,12572.0,76.0,69.0,150.32,2206.0,"72,12095",163.12
1790137336.02,2026-09-23T04:22:16Z,3275.0,12567.0,53.0,68.0,122.9,2206.0,"72,12095",164.12
1790137396.06,2026-09-23T04:23:16Z,3265.0,12577.0,55.0,67.0,136.57,2206.0,"72,12095",165.12
1790137456.1,2026-09-23T04:24:16Z,3317.0,12525.0,96.0,71.0,155.98,2206.0,"72,12095",166.12
1790137516.15,2026-09-23T04:25:16Z,3325.0,12517.0,70.0,68.0,141.7,2206.0,"72,12095",167.12
1790137576.19,2026-09-23T04:26:16Z,3334.0,12508.0,99.0,70.0,144.35,2206.0,"72,12095",168.12
1790137636.24,2026-09-23T04:27:16Z,3321.0,12522.0,100.0,69.0,145.09,2206.0,"72,12095",169.13
1790137696.28,2026-09-23T04:28:16Z,3338.0,12504.0,93.0,72.0,153.64,2206.0,"72,12095",170.13
1790137756.32,2026-09-23T04:29:16Z,3316.0,12526.0,99.0,68.0,138.15,2206.0,"72,12095",171.13
1790137816.36,2026-09-23T04:30:16Z,3352.0,12490.0,93.0,70.0,145.4,2206.0,"72,12095",172.13
1790137876.4,2026-09-23T04:31:16Z,3316.0,12526.0,100.0,71.0,151.27,2206.0,"72,12095",173.13
1790137936.45,2026-09-23T04:32:16Z,3579.0,12263.0,99.0,72.0,148.52,2464.0,"72,12095,20616",174.13
1790137996.5,2026-09-23T04:33:16Z,4320.0,11522.0,100.0,71.0,152.59,3198.0,"72,12095,20835",175.13
1790138056.55,2026-09-23T04:34:16Z,4310.0,11532.0,100.0,72.0,160.82,3198.0,"72,12095,20835",176.13
1790138116.59,2026-09-23T04:35:16Z,3313.0,12530.0,92.0,70.0,150.75,2206.0,"72,12095",177.13
1790138176.64,2026-09-23T04:36:16Z,3311.0,12531.0,95.0,68.0,140.19,2206.0,"72,12095",178.13
1790138236.68,2026-09-23T04:37:16Z,3311.0,12531.0,100.0,70.0,154.56,2206.0,"72,12095",179.13
1790138296.73,2026-09-23T04:38:16Z,3284.0,12558.0,100.0,70.0,154.27,2206.0,"72,12095",180.13
1790138356.78,2026-09-23T04:39:16Z,3218.0,12625.0,92.0,69.0,147.7,2206.0,"72,12095",181.13
1790138416.83,2026-09-23T04:40:16Z,3251.0,12591.0,92.0,69.0,144.42,2206.0,"72,12095",182.14
1790138476.87,2026-09-23T04:41:16Z,3245.0,12597.0,99.0,71.0,155.37,2206.0,"72,12095",183.14
1790138536.92,2026-09-23T04:42:16Z,3311.0,12531.0,99.0,69.0,144.33,2206.0,"72,12095",184.14
1790138596.96,2026-09-23T04:43:16Z,3319.0,12523.0,87.0,72.0,147.72,2206.0,"72,12095",185.14
1790138657.01,2026-09-23T04:44:17Z,3267.0,12575.0,82.0,69.0,146.9,2206.0,"72,12095",186.14
1790138717.05,2026-09-23T04:45:17Z,3353.0,12489.0,99.0,70.0,137.5,2206.0,"72,12095",187.14
1790138777.1,2026-09-23T04:46:17Z,3341.0,12501.0,84.0,71.0,149.13,2206.0,"72,12095",188.14
1790138837.15,2026-09-23T04:47:17Z,3331.0,12512.0,90.0,71.0,147.81,2206.0,"72,12095",189.14
1790138897.19,2026-09-23T04:48:17Z,3330.0,12513.0,99.0,72.0,144.76,2206.0,"72,12095",190.14
1790138957.23,2026-09-23T04:49:17Z,3266.0,12576.0,94.0,71.0,145.24,2206.0,"72,12095",191.14
1790139017.27,2026-09-23T04:50:17Z,3274.0,12569.0,94.0,71.0,145.34,2206.0,"72,12095",192.14
1790139077.32,2026-09-23T04:51:17Z,3255.0,12587.0,95.0,71.0,152.04,2206.0,"72,12095",193.14
1790139137.36,2026-09-23T04:52:17Z,3299.0,12543.0,99.0,69.0,146.34,2206.0,"72,12095",194.14
1790139197.4,2026-09-23T04:53:17Z,3313.0,12530.0,92.0,71.0,150.85,2206.0,"72,12095",195.14
1790139257.44,2026-09-23T04:54:17Z,3299.0,12543.0,92.0,72.0,152.92,2206.0,"72,12095",196.15
1790139317.49,2026-09-23T04:55:17Z,3320.0,12523.0,94.0,72.0,154.24,2206.0,"72,12095",197.15
1790139377.53,2026-09-23T04:56:17Z,3322.0,12521.0,92.0,71.0,153.49,2206.0,"72,12095",198.15
1790139437.57,2026-09-23T04:57:17Z,3320.0,12523.0,94.0,71.0,160.48,2206.0,"72,12095",199.15
1790139497.61,2026-09-23T04:58:17Z,3321.0,12521.0,98.0,72.0,149.6,2206.0,"72,12095",200.15
1790139557.66,2026-09-23T04:59:17Z,3246.0,12596.0,93.0,71.0,156.8,2206.0,"72,12095",201.15
1790139617.7,2026-09-23T05:00:17Z,3254.0,12588.0,92.0,72.0,160.43,2206.0,"72,12095",202.15
1790139677.75,2026-09-23T05:01:17Z,3244.0,12598.0,95.0,72.0,163.3,2206.0,"72,12095",203.15
1790139737.79,2026-09-23T05:02:17Z,3244.0,12599.0,90.0,72.0,156.92,2206.0,"72,12095",204.15
1790139797.83,2026-09-23T05:03:17Z,3244.0,12598.0,96.0,71.0,159.59,2206.0,"72,12095",205.15
1790139857.87,2026-09-23T05:04:17Z,3222.0,12620.0,98.0,73.0,164.45,2206.0,"72,12095",206.15
1790139917.92,2026-09-23T05:05:17Z,3232.0,12610.0,98.0,73.0,167.74,2206.0,"72,12095",207.15
1790139977.96,2026-09-23T05:06:17Z,3227.0,12616.0,92.0,71.0,165.36,2206.0,"72,12095",208.15
1790140038.0,2026-09-23T05:07:18Z,3227.0,12616.0,98.0,73.0,168.12,2206.0,"72,12095",209.15
1790140098.04,2026-09-23T05:08:18Z,3227.0,12615.0,97.0,65.0,160.02,2206.0,"72,12095",210.16
1790140158.09,2026-09-23T05:09:18Z,3195.0,12648.0,97.0,73.0,167.42,2206.0,"72,12095",211.16
1790140218.13,2026-09-23T05:10:18Z,3199.0,12643.0,97.0,73.0,163.16,2206.0,"72,12095",212.16
1790140278.17,2026-09-23T05:11:18Z,3195.0,12647.0,94.0,73.0,165.48,2206.0,"72,12095",213.16
1790140338.21,2026-09-23T05:12:18Z,3195.0,12647.0,95.0,73.0,159.6,2206.0,"72,12095",214.16
1790140398.27,2026-09-23T05:13:18Z,3307.0,12536.0,99.0,68.0,145.33,2206.0,"72,12095",215.16
1790140458.31,2026-09-23T05:14:18Z,3302.0,12540.0,99.0,69.0,145.29,2206.0,"72,12095",216.16
1790140518.36,2026-09-23T05:15:18Z,3293.0,12549.0,99.0,67.0,141.37,2206.0,"72,12095",217.16
1790140578.4,2026-09-23T05:16:18Z,3289.0,12553.0,93.0,66.0,143.43,2206.0,"72,12095",218.16
1790140638.44,2026-09-23T05:17:18Z,3289.0,12553.0,99.0,68.0,137.43,2206.0,"72,12095",219.16
1790140698.49,2026-09-23T05:18:18Z,3289.0,12553.0,99.0,68.0,140.73,2206.0,"72,12095",220.16
1790140758.54,2026-09-23T05:19:18Z,3277.0,12565.0,99.0,69.0,142.21,2206.0,"72,12095",221.16
1790140818.59,2026-09-23T05:20:18Z,3277.0,12566.0,99.0,68.0,141.23,2206.0,"72,12095",222.16
1790140878.63,2026-09-23T05:21:18Z,3280.0,12562.0,99.0,70.0,141.98,2206.0,"72,12095",223.17
1790140938.68,2026-09-23T05:22:18Z,3281.0,12561.0,99.0,68.0,143.0,2206.0,"72,12095",224.17
1790140998.73,2026-09-23T05:23:18Z,3281.0,12561.0,99.0,69.0,143.01,2206.0,"72,12095",225.17
1790141058.77,2026-09-23T05:24:18Z,3281.0,12561.0,99.0,70.0,143.62,2206.0,"72,12095",226.17
1790141118.81,2026-09-23T05:25:18Z,3291.0,12551.0,95.0,71.0,147.27,2206.0,"72,12095",227.17
1790141178.86,2026-09-23T05:26:18Z,3257.0,12586.0,93.0,70.0,146.83,2206.0,"72,12095",228.17
1790141238.91,2026-09-23T05:27:18Z,3286.0,12556.0,94.0,68.0,149.32,2206.0,"72,12095",229.17
1790141298.95,2026-09-23T05:28:18Z,3286.0,12556.0,92.0,72.0,152.58,2206.0,"72,12095",230.17
1790141358.99,2026-09-23T05:29:18Z,3274.0,12568.0,95.0,72.0,149.11,2206.0,"72,12095",231.17
1790141419.04,2026-09-23T05:30:19Z,3279.0,12563.0,94.0,71.0,149.28,2206.0,"72,12095",232.17
1790141479.09,2026-09-23T05:31:19Z,3275.0,12568.0,90.0,71.0,147.61,2206.0,"72,12095",233.17
1790141539.14,2026-09-23T05:32:19Z,3274.0,12568.0,90.0,71.0,150.83,2206.0,"72,12095",234.17
1790141599.18,2026-09-23T05:33:19Z,3275.0,12568.0,91.0,71.0,155.44,2206.0,"72,12095",235.17
1790141659.22,2026-09-23T05:34:19Z,3119.0,12723.0,91.0,72.0,156.44,2206.0,"72,12095",236.18
1790141719.27,2026-09-23T05:35:19Z,3124.0,12718.0,91.0,71.0,152.75,2206.0,"72,12095",237.18
1790141779.31,2026-09-23T05:36:19Z,3118.0,12724.0,97.0,73.0,155.43,2206.0,"72,12095",238.18
1790141839.35,2026-09-23T05:37:19Z,3250.0,12592.0,97.0,72.0,151.83,2206.0,"72,12095",239.18
1790141899.4,2026-09-23T05:38:19Z,3250.0,12592.0,92.0,71.0,157.16,2206.0,"72,12095",240.18
1790141959.44,2026-09-23T05:39:19Z,3246.0,12596.0,96.0,72.0,158.02,2206.0,"72,12095",241.18
1790142019.48,2026-09-23T05:40:19Z,3250.0,12592.0,91.0,71.0,158.64,2206.0,"72,12095",242.18
1790142079.53,2026-09-23T05:41:19Z,3241.0,12601.0,88.0,73.0,158.51,2206.0,"72,12095",243.18
1790142139.57,2026-09-23T05:42:19Z,3237.0,12605.0,90.0,73.0,158.82,2206.0,"72,12095",244.18
1790142199.62,2026-09-23T05:43:19Z,3238.0,12604.0,88.0,72.0,154.87,2206.0,"72,12095",245.18
1790142259.66,2026-09-23T05:44:19Z,3114.0,12728.0,87.0,70.0,163.07,2206.0,"72,12095",246.18
1790142319.7,2026-09-23T05:45:19Z,3119.0,12724.0,93.0,72.0,160.53,2206.0,"72,12095",247.18
1790142379.75,2026-09-23T05:46:19Z,3114.0,12728.0,87.0,72.0,161.88,2206.0,"72,12095",248.18
1790142439.8,2026-09-23T05:47:19Z,3115.0,12728.0,92.0,72.0,161.14,2206.0,"72,12095",249.18
1790142499.84,2026-09-23T05:48:19Z,3115.0,12728.0,95.0,71.0,161.82,2206.0,"72,12095",250.19
1790142559.88,2026-09-23T05:49:19Z,3114.0,12728.0,96.0,71.0,164.1,2206.0,"72,12095",251.19
1790142619.92,2026-09-23T05:50:19Z,3119.0,12724.0,97.0,71.0,166.3,2206.0,"72,12095",252.19
1790142679.97,2026-09-23T05:51:19Z,3115.0,12728.0,92.0,71.0,163.42,2206.0,"72,12095",253.19
1790142740.01,2026-09-23T05:52:20Z,3114.0,12728.0,95.0,72.0,165.53,2206.0,"72,12095",254.19
1790142800.06,2026-09-23T05:53:20Z,3114.0,12728.0,93.0,71.0,164.35,2206.0,"72,12095",255.19
1790142860.1,2026-09-23T05:54:20Z,3114.0,12728.0,93.0,73.0,169.19,2206.0,"72,12095",256.19
1790142920.14,2026-09-23T05:55:20Z,3115.0,12727.0,94.0,71.0,162.46,2206.0,"72,12095",257.19
1790142980.19,2026-09-23T05:56:20Z,3115.0,12727.0,96.0,73.0,160.2,2206.0,"72,12095",258.19
1790143040.23,2026-09-23T05:57:20Z,3115.0,12728.0,96.0,73.0,159.46,2206.0,"72,12095",259.19
1790143100.27,2026-09-23T05:58:20Z,3114.0,12728.0,96.0,70.0,158.83,2206.0,"72,12095",260.19
1790143160.32,2026-09-23T05:59:20Z,3115.0,12727.0,92.0,72.0,159.56,2206.0,"72,12095",261.19
1790143220.36,2026-09-23T06:00:20Z,3119.0,12723.0,87.0,72.0,152.16,2206.0,"72,12095",262.19
1790143280.4,2026-09-23T06:01:20Z,3114.0,12728.0,90.0,73.0,153.13,2206.0,"72,12095",263.19
1790143340.45,2026-09-23T06:02:20Z,3115.0,12728.0,94.0,71.0,152.39,2206.0,"72,12095",264.2
1790143400.49,2026-09-23T06:03:20Z,3115.0,12727.0,97.0,73.0,146.63,2206.0,"72,12095",265.2
1790143460.53,2026-09-23T06:04:20Z,3115.0,12727.0,93.0,73.0,151.33,2206.0,"72,12095",266.2
1790143520.57,2026-09-23T06:05:20Z,3115.0,12727.0,96.0,71.0,154.24,2206.0,"72,12095",267.2
1790143580.61,2026-09-23T06:06:20Z,3115.0,12727.0,86.0,66.0,150.92,2206.0,"72,12095",268.2
1790143640.66,2026-09-23T06:07:20Z,3115.0,12727.0,75.0,65.0,152.66,2206.0,"72,12095",269.2
1790143700.7,2026-09-23T06:08:20Z,3115.0,12728.0,67.0,66.0,150.44,2206.0,"72,12095",270.2
1790143760.74,2026-09-23T06:09:20Z,3114.0,12728.0,69.0,66.0,152.85,2206.0,"72,12095",271.2
1790143820.79,2026-09-23T06:10:20Z,3128.0,12714.0,74.0,67.0,153.68,2206.0,"72,12095",272.2
1790143880.83,2026-09-23T06:11:20Z,3128.0,12715.0,72.0,67.0,149.93,2206.0,"72,12095",273.2
1790143940.88,2026-09-23T06:12:20Z,3128.0,12714.0,41.0,68.0,145.56,2206.0,"72,12095",274.2
1790144000.92,2026-09-23T06:13:20Z,3124.0,12718.0,72.0,68.0,153.31,2206.0,"72,12095",275.2
1790144060.96,2026-09-23T06:14:20Z,3138.0,12705.0,72.0,69.0,151.64,2206.0,"72,12095",276.2
1790144121.01,2026-09-23T06:15:21Z,3137.0,12706.0,62.0,68.0,148.75,2206.0,"72,12095",277.2
1790144181.05,2026-09-23T06:16:21Z,3137.0,12705.0,63.0,69.0,146.5,2206.0,"72,12095",278.21
1790144241.09,2026-09-23T06:17:21Z,3137.0,12706.0,66.0,69.0,151.7,2206.0,"72,12095",279.21
1790144301.14,2026-09-23T06:18:21Z,3137.0,12705.0,79.0,67.0,148.3,2206.0,"72,12095",280.21
1790144361.18,2026-09-23T06:19:21Z,3137.0,12705.0,96.0,72.0,149.56,2206.0,"72,12095",281.21
1790144421.23,2026-09-23T06:20:21Z,3129.0,12714.0,93.0,71.0,157.87,2206.0,"72,12095",282.21
1790144481.27,2026-09-23T06:21:21Z,3125.0,12718.0,95.0,71.0,150.32,2206.0,"72,12095",283.21
1790144541.32,2026-09-23T06:22:21Z,3124.0,12718.0,90.0,71.0,150.6,2206.0,"72,12095",284.21
1790144601.36,2026-09-23T06:23:21Z,3125.0,12718.0,92.0,71.0,152.71,2206.0,"72,12095",285.21
1790144661.4,2026-09-23T06:24:21Z,3124.0,12718.0,92.0,73.0,158.78,2206.0,"72,12095",286.21
1790144721.45,2026-09-23T06:25:21Z,3129.0,12713.0,92.0,71.0,152.72,2206.0,"72,12095",287.21
1790144781.49,2026-09-23T06:26:21Z,3124.0,12718.0,94.0,72.0,152.5,2206.0,"72,12095",288.21
1790144841.53,2026-09-23T06:27:21Z,3124.0,12718.0,92.0,71.0,157.74,2206.0,"72,12095",289.21
1790144901.58,2026-09-23T06:28:21Z,3124.0,12718.0,95.0,72.0,158.36,2206.0,"72,12095",290.21
1790144961.62,2026-09-23T06:29:21Z,3124.0,12718.0,94.0,72.0,161.89,2206.0,"72,12095",291.21
1790145021.66,2026-09-23T06:30:21Z,3124.0,12718.0,94.0,71.0,163.13,2206.0,"72,12095",292.22
1790145081.7,2026-09-23T06:31:21Z,3292.0,12551.0,91.0,70.0,154.28,2206.0,"72,12095",293.22
1790145141.74,2026-09-23T06:32:21Z,3292.0,12551.0,99.0,71.0,161.1,2206.0,"72,12095",294.22
1790145201.79,2026-09-23T06:33:21Z,3292.0,12551.0,99.0,71.0,157.0,2206.0,"72,12095",295.22
1790145261.83,2026-09-23T06:34:21Z,3267.0,12575.0,98.0,71.0,156.97,2206.0,"72,12095",296.22
1790145321.87,2026-09-23T06:35:21Z,3267.0,12575.0,97.0,70.0,157.87,2206.0,"72,12095",297.22
1790145381.91,2026-09-23T06:36:21Z,3225.0,12617.0,97.0,71.0,160.28,2206.0,"72,12095",298.22
1790145441.96,2026-09-23T06:37:21Z,3227.0,12615.0,91.0,70.0,157.56,2206.0,"72,12095",299.22
1790145502.0,2026-09-23T06:38:21Z,3247.0,12596.0,95.0,69.0,155.85,2206.0,"72,12095",300.22
1790145562.04,2026-09-23T06:39:22Z,3218.0,12624.0,90.0,68.0,151.86,2206.0,"72,12095",301.22
1790145622.09,2026-09-23T06:40:22Z,3214.0,12628.0,94.0,69.0,153.16,2206.0,"72,12095",302.22
1790145682.13,2026-09-23T06:41:22Z,3202.0,12640.0,97.0,69.0,159.35,2206.0,"72,12095",303.22
1790145742.16,2026-09-23T06:42:22Z,3202.0,12641.0,93.0,69.0,159.07,2206.0,"72,12095",304.22
1790145802.2,2026-09-23T06:43:22Z,3285.0,12557.0,95.0,70.0,147.03,2206.0,"72,12095",305.22
1790145862.25,2026-09-23T06:44:22Z,3345.0,12497.0,89.0,70.0,148.55,2206.0,"72,12095",306.23
1790145922.29,2026-09-23T06:45:22Z,3296.0,12546.0,86.0,66.0,151.24,2206.0,"72,12095",307.23
1790145982.34,2026-09-23T06:46:22Z,3268.0,12575.0,91.0,69.0,154.78,2206.0,"72,12095",308.23
1790146042.38,2026-09-23T06:47:22Z,3244.0,12598.0,88.0,69.0,147.15,2206.0,"72,12095",309.23
1790146102.42,2026-09-23T06:48:22Z,3284.0,12559.0,99.0,68.0,147.55,2206.0,"72,12095",310.23
1790146162.46,2026-09-23T06:49:22Z,3354.0,12488.0,93.0,68.0,151.37,2206.0,"72,12095",311.23
1790146222.5,2026-09-23T06:50:22Z,3342.0,12500.0,94.0,68.0,144.99,2206.0,"72,12095",312.23
1790146282.55,2026-09-23T06:51:22Z,3252.0,12590.0,83.0,68.0,144.25,2206.0,"72,12095",313.23
1790146342.58,2026-09-23T06:52:22Z,3256.0,12586.0,85.0,70.0,143.82,2206.0,"72,12095",314.23
1790146402.63,2026-09-23T06:53:22Z,3279.0,12563.0,89.0,69.0,136.63,2206.0,"72,12095",315.23
1790146462.67,2026-09-23T06:54:22Z,3211.0,12632.0,80.0,69.0,143.44,2206.0,"72,12095",316.23
1790146522.71,2026-09-23T06:55:22Z,3167.0,12676.0,92.0,68.0,142.42,2206.0,"72,12095",317.23
1790146582.76,2026-09-23T06:56:22Z,3154.0,12689.0,87.0,68.0,144.51,2206.0,"72,12095",318.23
1790146642.8,2026-09-23T06:57:22Z,3149.0,12694.0,94.0,70.0,149.22,2206.0,"72,12095",319.23
1790146702.84,2026-09-23T06:58:22Z,3142.0,12700.0,88.0,71.0,147.44,2206.0,"72,12095",320.24
1790146762.88,2026-09-23T06:59:22Z,3204.0,12638.0,90.0,71.0,145.49,2206.0,"72,12095",321.24
1790146822.93,2026-09-23T07:00:22Z,3246.0,12597.0,89.0,69.0,146.7,2206.0,"72,12095",322.24
1790146882.97,2026-09-23T07:01:22Z,3288.0,12554.0,92.0,70.0,144.04,2206.0,"72,12095",323.24
